"Fecha","Último","Apertura","Máximo","Mínimo","Vol.","% var."
"01.11.2024","1.170,00","1.190,00","1.190,00","1.170,00","","0,00%"
"31.10.2024","1.170,00","1.180,00","1.180,00","1.170,00","","0,86%"
"30.10.2024","1.160,00","1.180,00","1.180,00","1.160,00","","-1,28%"
"29.10.2024","1.175,00","1.205,00","1.205,00","1.175,00","","-2,08%"
"28.10.2024","1.200,00","1.220,00","1.220,00","1.200,00","","-1,23%"
"25.10.2024","1.215,00","1.225,00","1.215,00","1.215,00","","1,67%"
"24.10.2024","1.195,00","1.215,00","1.215,00","1.195,00","","-2,05%"
"23.10.2024","1.220,00","1.255,00","1.220,00","1.220,00","","-0,41%"
"22.10.2024","1.225,00","1.245,00","1.245,00","1.225,00","","0,41%"
"21.10.2024","1.220,00","1.225,00","1.225,00","1.220,00","","0,41%"
"18.10.2024","1.215,00","1.235,00","1.215,00","1.215,00","","1,25%"
"17.10.2024","1.200,00","1.220,00","1.220,00","1.200,00","","0,00%"
"16.10.2024","1.200,00","1.235,00","1.235,00","1.200,00","","-1,23%"
"15.10.2024","1.215,00","1.200,00","1.215,00","1.200,00","","3,85%"
"14.10.2024","1.170,00","1.175,00","1.175,00","1.170,00","","0,00%"
"10.10.2024","1.170,00","1.185,00","1.170,00","1.170,00","","1,30%"
"09.10.2024","1.155,00","1.175,00","1.175,00","1.155,00","","0,00%"
"08.10.2024","1.155,00","1.180,00","1.180,00","1.155,00","","-0,86%"
"07.10.2024","1.165,00","1.195,00","1.195,00","1.165,00","","-0,85%"
"04.10.2024","1.175,00","1.205,00","1.205,00","1.175,00","","-0,84%"
"03.10.2024","1.185,00","1.210,00","1.210,00","1.185,00","","-0,84%"
"02.10.2024","1.195,00","1.215,00","1.215,00","1.195,00","","-1,24%"
"01.10.2024","1.210,00","1.235,00","1.210,00","1.210,00","","-0,41%"
"30.09.2024","1.215,00","1.240,00","1.240,00","1.215,00","","-1,62%"
"27.09.2024","1.235,00","1.250,00","1.235,00","1.235,00","","1,23%"
"26.09.2024","1.220,00","1.250,00","1.220,00","1.220,00","","0,00%"
"25.09.2024","1.220,00","1.240,00","1.240,00","1.220,00","","-0,41%"
"24.09.2024","1.225,00","1.240,00","1.240,00","1.225,00","","0,00%"
"23.09.2024","1.225,00","1.240,00","1.240,00","1.225,00","","-0,81%"
"20.09.2024","1.235,00","1.250,00","1.235,00","1.235,00","","0,41%"
"19.09.2024","1.230,00","1.245,00","1.230,00","1.230,00","","-0,81%"
"18.09.2024","1.240,00","1.265,00","1.265,00","1.240,00","","-1,59%"
"17.09.2024","1.260,00","1.280,00","1.260,00","1.260,00","","0,40%"
"16.09.2024","1.255,00","1.265,00","1.265,00","1.255,00","","0,00%"
"13.09.2024","1.255,00","1.285,00","1.255,00","1.255,00","","-1,18%"
"12.09.2024","1.270,00","1.290,00","1.270,00","1.270,00","","-0,39%"
"11.09.2024","1.275,00","1.290,00","1.275,00","1.275,00","","1,19%"
"10.09.2024","1.260,00","1.280,00","1.280,00","1.260,00","","0,00%"
"09.09.2024","1.260,00","1.270,00","1.260,00","1.260,00","","1,61%"
"06.09.2024","1.240,00","1.245,00","1.245,00","1.240,00","","-1,20%"
"05.09.2024","1.255,00","1.315,00","1.255,00","1.255,00","","-3,09%"
"04.09.2024","1.295,00","1.320,00","1.295,00","1.295,00","","0,39%"
"03.09.2024","1.290,00","1.315,00","1.315,00","1.290,00","","0,39%"
"02.09.2024","1.285,00","1.310,00","1.310,00","1.285,00","","0,00%"
"30.08.2024","1.285,00","1.315,00","1.315,00","1.285,00","","-1,53%"
"29.08.2024","1.305,00","1.335,00","1.305,00","1.305,00","","-1,51%"
"28.08.2024","1.325,00","1.350,00","1.325,00","1.325,00","","-0,38%"
"27.08.2024","1.330,00","1.360,00","1.330,00","1.330,00","","0,00%"
"26.08.2024","1.330,00","1.350,00","1.350,00","1.330,00","","0,00%"
"23.08.2024","1.330,00","1.350,00","1.350,00","1.330,00","","0,00%"
"22.08.2024","1.330,00","1.350,00","1.350,00","1.330,00","","-0,37%"
"21.08.2024","1.335,00","1.360,00","1.360,00","1.335,00","","0,00%"
"20.08.2024","1.335,00","1.365,00","1.365,00","1.335,00","","-0,37%"
"19.08.2024","1.340,00","1.350,00","1.340,00","1.340,00","","1,13%"
"16.08.2024","1.325,00","1.350,00","1.350,00","1.325,00","","-1,12%"
"15.08.2024","1.340,00","1.365,00","1.340,00","1.340,00","","0,37%"
"14.08.2024","1.335,00","1.360,00","1.360,00","1.335,00","","-0,37%"
"13.08.2024","1.340,00","1.355,00","1.355,00","1.340,00","","-0,37%"
"12.08.2024","1.345,00","1.365,00","1.345,00","1.345,00","","0,75%"
"09.08.2024","1.335,00","1.365,00","1.365,00","1.335,00","","-2,20%"
"08.08.2024","1.365,00","1.380,00","1.365,00","1.365,00","","-0,73%"
"07.08.2024","1.375,00","1.385,00","1.375,00","1.375,00","","0,73%"
"06.08.2024","1.365,00","1.385,00","1.365,00","1.365,00","","-1,09%"
"05.08.2024","1.380,00","1.430,00","1.380,00","1.380,00","","-0,36%"
"02.08.2024","1.385,00","1.400,00","1.385,00","1.385,00","","1,09%"
"01.08.2024","1.370,00","1.375,00","1.370,00","1.370,00","","0,74%"
"31.07.2024","1.360,00","1.380,00","1.360,00","1.360,00","","-1,09%"
"30.07.2024","1.375,00","1.405,00","1.375,00","1.375,00","","-2,14%"
"29.07.2024","1.405,00","1.430,00","1.405,00","1.405,00","","-1,40%"
"26.07.2024","1.425,00","1.455,00","1.425,00","1.425,00","","-0,70%"
"25.07.2024","1.435,00","1.455,00","1.435,00","1.435,00","","-0,35%"
"24.07.2024","1.440,00","1.455,00","1.440,00","1.440,00","","0,35%"
"23.07.2024","1.435,00","1.455,00","1.435,00","1.435,00","","0,35%"
"22.07.2024","1.430,00","1.445,00","1.430,00","1.430,00","","-0,35%"
"19.07.2024","1.435,00","1.470,00","1.435,00","1.435,00","","-0,69%"
"18.07.2024","1.445,00","1.470,00","1.445,00","1.445,00","","0,00%"
"17.07.2024","1.445,00","1.425,00","1.445,00","1.445,00","","3,58%"
"16.07.2024","1.395,00","1.425,00","1.395,00","1.395,00","","-0,71%"
"15.07.2024","1.405,00","1.480,00","1.405,00","1.405,00","","-5,70%"
"12.07.2024","1.490,00","1.480,00","1.490,00","1.490,00","","2,41%"
"11.07.2024","1.455,00","1.460,00","1.455,00","1.455,00","","1,04%"
"10.07.2024","1.440,00","1.455,00","1.440,00","1.440,00","","0,70%"
"08.07.2024","1.430,00","1.430,00","1.430,00","1.430,00","","1,42%"
"05.07.2024","1.410,00","1.415,00","1.410,00","1.410,00","","1,08%"
"04.07.2024","1.395,00","1.410,00","1.395,00","1.395,00","","0,00%"
"03.07.2024","1.395,00","1.450,00","1.395,00","1.395,00","","-1,76%"
"02.07.2024","1.420,00","1.430,00","1.420,00","1.420,00","","1,79%"
"01.07.2024","1.395,00","1.395,00","1.395,00","1.395,00","","2,95%"
"28.06.2024","1.355,00","1.355,00","1.355,00","1.355,00","","0,74%"
"27.06.2024","1.345,00","1.365,00","1.345,00","1.345,00","","-0,74%"
"26.06.2024","1.355,00","1.390,00","1.355,00","1.355,00","","0,00%"
"25.06.2024","1.355,00","1.365,00","1.355,00","1.355,00","","2,65%"
"24.06.2024","1.320,00","1.310,00","1.320,00","1.320,00","","2,33%"
"19.06.2024","1.290,00","1.315,00","1.290,00","1.290,00","","-0,39%"
"18.06.2024","1.295,00","1.285,00","1.295,00","1.295,00","","1,97%"
"14.06.2024","1.270,00","1.265,00","1.270,00","1.270,00","","2,83%"
"13.06.2024","1.235,00","1.230,00","1.235,00","1.235,00","","-3,14%"
"12.06.2024","1.275,00","1.305,00","1.275,00","1.275,00","","-0,78%"
"11.06.2024","1.285,00","1.310,00","1.285,00","1.285,00","","1,18%"
"10.06.2024","1.270,00","1.285,00","1.270,00","1.270,00","","1,20%"
"07.06.2024","1.255,00","1.270,00","1.255,00","1.255,00","","1,21%"
"06.06.2024","1.240,00","1.260,00","1.240,00","1.240,00","","0,00%"
"05.06.2024","1.240,00","1.275,00","1.240,00","1.240,00","","-1,20%"
"04.06.2024","1.255,00","1.275,00","1.255,00","1.255,00","","2,45%"
"03.06.2024","1.225,00","1.240,00","1.225,00","1.225,00","","0,82%"
"31.05.2024","1.215,00","1.225,00","1.215,00","1.215,00","","-0,41%"
"30.05.2024","1.220,00","1.230,00","1.220,00","1.220,00","","0,00%"
"29.05.2024","1.220,00","1.220,00","1.220,00","1.220,00","","1,67%"
"28.05.2024","1.200,00","1.205,00","1.200,00","1.200,00","","0,42%"
"27.05.2024","1.195,00","1.210,00","1.195,00","1.195,00","","-1,24%"
"24.05.2024","1.210,00","1.280,00","1.210,00","1.210,00","","-4,72%"
"23.05.2024","1.270,00","1.310,00","1.270,00","1.270,00","","0,40%"
"22.05.2024","1.265,00","1.245,00","1.265,00","1.265,00","","3,69%"
"21.05.2024","1.220,00","1.230,00","1.220,00","1.220,00","","4,27%"
"20.05.2024","1.170,00","1.120,00","1.170,00","1.170,00","","5,41%"
"17.05.2024","1.110,00","1.100,00","1.110,00","1.110,00","","1,83%"
"16.05.2024","1.090,00","1.100,00","1.090,00","1.090,00","","0,00%"
"15.05.2024","1.090,00","1.080,00","1.090,00","1.090,00","","2,83%"
"14.05.2024","1.060,00","1.060,00","1.060,00","1.060,00","","2,42%"
"13.05.2024","1.035,00","1.050,00","1.035,00","1.035,00","","0,49%"
"10.05.2024","1.030,00","1.055,00","1.030,00","1.030,00","","-0,48%"
"09.05.2024","1.035,00","1.055,00","1.035,00","1.035,00","","0,49%"
"08.05.2024","1.030,00","1.055,00","1.030,00","1.030,00","","0,00%"
"07.05.2024","1.030,00","1.055,00","1.030,00","1.030,00","","-0,48%"
"06.05.2024","1.035,00","1.055,00","1.035,00","1.035,00","","0,49%"
"03.05.2024","1.030,00","1.045,00","1.030,00","1.030,00","","0,00%"
"02.05.2024","1.030,00","1.050,00","1.030,00","1.030,00","","0,00%"
"30.04.2024","1.030,00","1.050,00","1.030,00","1.030,00","","-0,48%"
"29.04.2024","1.035,00","1.065,00","1.035,00","1.035,00","","-0,96%"
"26.04.2024","1.045,00","1.065,00","1.045,00","1.045,00","","0,00%"
"25.04.2024","1.045,00","1.050,00","1.045,00","1.045,00","","1,95%"
"24.04.2024","1.025,00","1.045,00","1.025,00","1.025,00","","0,49%"
"23.04.2024","1.020,00","1.045,00","1.020,00","1.020,00","","-0,49%"
"22.04.2024","1.025,00","1.025,00","1.025,00","1.025,00","","1,99%"
"19.04.2024","1.005,00","1.035,00","1.005,00","1.005,00","","-0,99%"
"18.04.2024","1.015,00","1.040,00","1.015,00","1.015,00","","-0,49%"
"17.04.2024","1.020,00","1.045,00","1.020,00","1.020,00","","-0,49%"
"16.04.2024","1.025,00","1.030,00","1.025,00","1.025,00","","1,99%"
"15.04.2024","1.005,00","1.010,00","1.005,00","1.005,00","","1,01%"
"12.04.2024","995,00","1.010,00","995,00","995,00","","0,51%"
"11.04.2024","990,00","1.010,00","990,00","990,00","","0,00%"
"10.04.2024","990,00","1.010,00","990,00","990,00","","0,00%"
"09.04.2024","990,00","995,00","990,00","990,00","","1,54%"
"08.04.2024","975,00","995,00","975,00","975,00","","0,00%"
"05.04.2024","975,00","990,00","975,00","975,00","","-1,52%"
"04.04.2024","990,00","1.015,00","990,00","990,00","","-0,50%"
"03.04.2024","995,00","1.015,00","995,00","995,00","","-0,50%"
"27.03.2024","1.000,00","1.020,00","1.000,00","1.000,00","","-0,50%"
"26.03.2024","1.005,00","1.030,00","1.005,00","1.005,00","","-0,50%"
"25.03.2024","1.010,00","1.030,00","1.010,00","1.010,00","","-0,98%"
"20.03.2024","1.020,00","1.040,00","1.020,00","1.020,00","","0,00%"
"19.03.2024","1.020,00","1.040,00","1.020,00","1.020,00","","0,99%"
"18.03.2024","1.010,00","1.030,00","1.010,00","1.010,00","","-0,49%"
"15.03.2024","1.015,00","1.040,00","1.015,00","1.015,00","","0,00%"
"14.03.2024","1.015,00","1.040,00","1.015,00","1.015,00","","0,50%"
"12.03.2024","1.010,00","1.015,00","1.010,00","1.010,00","","1,51%"
"11.03.2024","995,00","1.005,00","995,00","995,00","","1,02%"
"08.03.2024","985,00","1.095,00","985,00","985,00","","1,03%"
"07.03.2024","975,00","1.095,00","975,00","975,00","","-0,51%"
"06.03.2024","980,00","1.095,00","980,00","980,00","","-2,00%"
"05.03.2024","1.000,00","1.095,00","1.000,00","1.000,00","","-0,50%"
"04.03.2024","1.005,00","1.095,00","1.005,00","1.005,00","","-3,37%"
"01.03.2024","1.040,00","1.095,00","1.040,00","1.040,00","","1,96%"
"29.02.2024","1.020,00","1.095,00","1.020,00","1.020,00","","-1,45%"
"28.02.2024","1.035,00","1.095,00","1.035,00","1.035,00","","-2,36%"
"27.02.2024","1.060,00","1.095,00","1.060,00","1.060,00","","-0,93%"
"26.02.2024","1.070,00","1.095,00","1.070,00","1.070,00","","-0,47%"
"23.02.2024","1.075,00","1.095,00","1.075,00","1.075,00","","0,00%"
"22.02.2024","1.075,00","1.115,00","1.075,00","1.075,00","","-2,71%"
"21.02.2024","1.105,00","1.120,00","1.105,00","1.105,00","","0,00%"
"20.02.2024","1.105,00","1.120,00","1.105,00","1.105,00","","0,45%"
"19.02.2024","1.100,00","1.105,00","1.100,00","1.100,00","","1,38%"
"16.02.2024","1.085,00","1.080,00","1.085,00","1.085,00","","1,88%"
"15.02.2024","1.065,00","1.105,00","1.065,00","1.065,00","","-2,74%"
"14.02.2024","1.095,00","1.145,00","1.095,00","1.095,00","","-3,52%"
"09.02.2024","1.135,00","1.160,00","1.135,00","1.135,00","","0,00%"
"08.02.2024","1.135,00","1.165,00","1.135,00","1.135,00","","-2,16%"
"07.02.2024","1.160,00","1.195,00","1.160,00","1.160,00","","2,20%"
"06.02.2024","1.135,00","1.170,00","1.135,00","1.135,00","","-1,30%"
"05.02.2024","1.150,00","1.190,00","1.150,00","1.150,00","","-1,29%"
"02.02.2024","1.165,00","1.190,00","1.165,00","1.165,00","","-1,69%"
"01.02.2024","1.185,00","1.195,00","1.185,00","1.185,00","","0,00%"
"31.01.2024","1.185,00","1.225,00","1.185,00","1.185,00","","-1,66%"
"30.01.2024","1.205,00","1.235,00","1.205,00","1.205,00","","-0,82%"
"29.01.2024","1.215,00","1.240,00","1.215,00","1.215,00","","0,41%"
"26.01.2024","1.210,00","1.230,00","1.210,00","1.210,00","","-2,02%"
"25.01.2024","1.235,00","1.270,00","1.235,00","1.235,00","","-0,80%"
"24.01.2024","1.245,00","1.265,00","1.245,00","1.245,00","","0,00%"
"23.01.2024","1.245,00","1.245,00","1.245,00","1.245,00","","1,63%"
"22.01.2024","1.225,00","1.230,00","1.225,00","1.225,00","","1,24%"
"19.01.2024","1.210,00","1.240,00","1.210,00","1.210,00","","-1,63%"
"18.01.2024","1.230,00","1.240,00","1.230,00","1.230,00","","1,23%"
"17.01.2024","1.215,00","1.185,00","1.215,00","1.215,00","","3,85%"
"16.01.2024","1.170,00","1.150,00","1.170,00","1.170,00","","4,46%"
"15.01.2024","1.120,00","1.140,00","1.120,00","1.120,00","","0,90%"
"12.01.2024","1.110,00","1.130,00","1.110,00","1.110,00","","0,00%"
"11.01.2024","1.110,00","1.130,00","1.110,00","1.110,00","","-2,63%"
"10.01.2024","1.140,00","1.135,00","1.140,00","1.140,00","","2,70%"
"09.01.2024","1.110,00","1.095,00","1.110,00","1.110,00","","6,73%"
"08.01.2024","1.040,00","1.035,00","1.040,00","1.040,00","","2,46%"
"05.01.2024","1.015,00","1.030,00","1.015,00","1.015,00","","0,50%"
"04.01.2024","1.010,00","1.015,00","1.010,00","1.010,00","","1,51%"
"03.01.2024","995,00","1.015,00","995,00","995,00","","0,00%"
"02.01.2024","995,00","1.010,00","995,00","995,00","","-1,97%"
"29.12.2023","1.015,00","1.015,00","1.015,00","1.015,00","","2,53%"
"28.12.2023","990,00","1.005,00","990,00","990,00","","0,00%"
"27.12.2023","990,00","1.005,00","990,00","990,00","","0,51%"
"26.12.2023","985,00","1.010,00","985,00","985,00","","0,00%"
"22.12.2023","985,00","990,00","985,00","985,00","","1,03%"
"21.12.2023","975,00","1.000,00","975,00","975,00","","-0,51%"
"20.12.2023","980,00","1.010,00","980,00","980,00","","0,51%"
"19.12.2023","975,00","1.020,00","975,00","975,00","","0,52%"
"18.12.2023","970,00","990,00","970,00","970,00","","1,57%"
"15.12.2023","955,00","1.005,00","955,00","955,00","","-2,05%"
"14.12.2023","975,00","1.065,00","975,00","975,00","","-7,58%"
"13.12.2023","1.055,00","1.165,00","1.055,00","1.055,00","","-0,47%"
"12.12.2023","1.060,00","1.000,00","1.060,00","1.060,00","","7,07%"
"11.12.2023","990,00","1.000,00","990,00","990,00","","1,02%"
"07.12.2023","980,00","990,00","980,00","980,00","","3,70%"
"06.12.2023","945,00","935,00","945,00","945,00","","5,00%"
"05.12.2023","900,00","920,00","900,00","900,00","","-2,17%"
"04.12.2023","920,00","955,00","920,00","920,00","","-2,65%"
"01.12.2023","945,00","955,00","945,00","945,00","","5,59%"
"30.11.2023","895,00","955,00","895,00","895,00","","-2,19%"
"29.11.2023","915,00","955,00","915,00","915,00","","-2,14%"
"28.11.2023","935,00","990,00","935,00","935,00","","-4,59%"
"27.11.2023","980,00","1.015,00","980,00","980,00","","-0,51%"
"24.11.2023","985,00","1.075,00","985,00","985,00","","-4,83%"
"23.11.2023","1.035,00","1.075,00","1.035,00","1.035,00","","-3,27%"
"22.11.2023","1.070,00","1.080,00","1.070,00","1.070,00","","0,94%"
"21.11.2023","1.060,00","1.065,00","1.060,00","1.060,00","","13,37%"
"17.11.2023","935,00","970,00","935,00","935,00","","0,00%"
"16.11.2023","935,00","970,00","935,00","935,00","","-2,60%"
"15.11.2023","960,00","965,00","960,00","960,00","","4,92%"
"14.11.2023","915,00","935,00","915,00","915,00","","0,00%"
"13.11.2023","915,00","955,00","915,00","915,00","","-3,68%"
"10.11.2023","950,00","910,00","950,00","950,00","","1,06%"
"09.11.2023","940,00","910,00","940,00","940,00","","6,82%"
"08.11.2023","880,00","895,00","880,00","880,00","","0,00%"
"07.11.2023","880,00","925,00","880,00","880,00","","-3,83%"
"06.11.2023","915,00","935,00","915,00","915,00","","0,00%"
"03.11.2023","915,00","935,00","915,00","915,00","","0,00%"
"02.11.2023","915,00","935,00","915,00","915,00","","1,10%"
"01.11.2023","905,00","925,00","905,00","905,00","","-0,55%"
"31.10.2023","910,00","970,00","910,00","910,00","","-5,21%"
"30.10.2023","960,00","990,00","960,00","960,00","","-1,54%"
"27.10.2023","975,00","995,00","975,00","975,00","","0,52%"
"26.10.2023","970,00","1.000,00","970,00","970,00","","-2,02%"
"25.10.2023","990,00","1.085,00","990,00","990,00","","-7,91%"
"24.10.2023","1.075,00","1.125,00","1.075,00","1.075,00","","0,00%"
"23.10.2023","1.075,00","1.075,00","1.075,00","1.075,00","","20,79%"
"20.10.2023","890,00","910,00","890,00","890,00","","0,00%"
"19.10.2023","890,00","910,00","890,00","890,00","","-0,56%"
"18.10.2023","895,00","980,00","895,00","895,00","","-8,21%"
"17.10.2023","975,00","970,00","975,00","975,00","","0,52%"
"12.10.2023","970,00","980,00","970,00","970,00","","-3,00%"
"11.10.2023","1.000,00","605,00","1.000,00","1.000,00","","0,00%"
"10.10.2023","1.000,00","605,00","1.000,00","1.000,00","","6,38%"
"09.10.2023","940,00","600,00","940,00","940,00","","7,43%"
"06.10.2023","875,00","870,00","875,00","875,00","","4,10%"
"05.10.2023","840,50","832,50","840,50","840,50","","0,00%"
"04.10.2023","840,50","832,50","840,50","840,50","","4,09%"
"03.10.2023","807,50","805,50","807,50","807,50","","1,25%"
"02.10.2023","797,50","802,50","797,50","797,50","","0,00%"
"29.09.2023","797,50","797,50","797,50","797,50","","1,27%"
"28.09.2023","787,50","785,50","787,50","787,50","","4,24%"
"26.09.2023","755,50","749,50","755,50","755,50","","1,75%"
"25.09.2023","742,50","747,50","742,50","742,50","","0,00%"
"22.09.2023","742,50","747,50","742,50","742,50","","0,00%"
"21.09.2023","742,50","742,50","742,50","742,50","","1,37%"
"20.09.2023","732,50","737,50","732,50","732,50","","-0,68%"
"19.09.2023","737,50","742,50","737,50","737,50","","0,27%"
"18.09.2023","735,50","732,50","735,50","735,50","","1,10%"
"15.09.2023","727,50","715,50","727,50","727,50","","1,11%"
"14.09.2023","719,50","734,50","719,50","719,50","","-1,77%"
"13.09.2023","732,50","732,50","732,50","732,50","","0,69%"
"12.09.2023","727,50","725,50","727,50","727,50","","1,82%"
"11.09.2023","714,50","717,50","714,50","714,50","","0,99%"
"08.09.2023","707,50","712,50","707,50","707,50","","-1,39%"
"07.09.2023","717,50","722,50","717,50","717,50","","0,00%"
"06.09.2023","717,50","722,50","717,50","717,50","","-0,69%"
"05.09.2023","722,50","727,50","722,50","722,50","","-0,69%"
"04.09.2023","727,50","737,50","727,50","727,50","","0,00%"
"01.09.2023","727,50","727,50","727,50","727,50","","-0,34%"
"31.08.2023","730,00","740,00","730,00","730,00","","-0,68%"
"30.08.2023","735,00","747,00","735,00","735,00","","-1,34%"
"29.08.2023","745,00","735,00","745,00","745,00","","1,64%"
"28.08.2023","733,00","735,00","733,00","733,00","","1,10%"
"25.08.2023","725,00","725,00","725,00","725,00","","0,69%"
"24.08.2023","720,00","730,00","720,00","720,00","","-1,37%"
"23.08.2023","730,00","730,00","730,00","730,00","","1,11%"
"22.08.2023","722,00","725,00","722,00","722,00","","0,98%"
"18.08.2023","715,00","725,00","715,00","715,00","","-5,30%"
"17.08.2023","755,00","780,00","755,00","755,00","","-2,58%"
"16.08.2023","775,00","770,00","775,00","775,00","","6,90%"
"15.08.2023","725,00","710,00","725,00","725,00","","7,41%"
"14.08.2023","675,00","680,00","675,00","675,00","","12,50%"
"11.08.2023","600,00","610,00","600,00","600,00","","0,08%"
"10.08.2023","599,50","600,50","599,50","599,50","","0,33%"
"09.08.2023","597,50","600,50","597,50","597,50","","0,34%"
"08.08.2023","595,50","597,50","595,50","595,50","","0,34%"
"07.08.2023","593,50","578,50","593,50","593,50","","3,85%"
"04.08.2023","571,50","572,50","571,50","571,50","","0,70%"
"03.08.2023","567,50","567,50","567,50","567,50","","1,79%"
"02.08.2023","557,50","560,50","557,50","557,50","","0,00%"
"01.08.2023","557,50","554,50","557,50","557,50","","1,83%"
"31.07.2023","547,50","550,50","547,50","547,50","","-0,18%"
"28.07.2023","548,50","552,50","548,50","548,50","","-0,36%"
"27.07.2023","550,50","553,50","550,50","550,50","","1,29%"
"26.07.2023","543,50","547,50","543,50","543,50","","1,87%"
"25.07.2023","533,50","533,50","533,50","533,50","","-2,91%"
"24.07.2023","549,50","533,50","549,50","549,50","","4,57%"
"21.07.2023","525,50","527,50","525,50","525,50","","0,57%"
"20.07.2023","522,50","527,50","522,50","522,50","","0,00%"
"19.07.2023","522,50","522,50","522,50","522,50","","0,97%"
"18.07.2023","517,50","521,50","517,50","517,50","","0,00%"
"17.07.2023","517,50","520,50","517,50","517,50","","-0,38%"
"14.07.2023","519,50","497,50","519,50","519,50","","4,84%"
"11.07.2023","495,50","497,50","495,50","495,50","","0,61%"
"10.07.2023","492,50","496,50","492,50","492,50","","0,61%"
"07.07.2023","489,50","493,50","489,50","489,50","","0,20%"
"06.07.2023","488,50","494,50","488,50","488,50","","-0,20%"
"05.07.2023","489,50","496,50","489,50","489,50","","-0,20%"
"04.07.2023","490,50","497,50","490,50","490,50","","-0,41%"
"03.07.2023","492,50","495,50","492,50","492,50","","0,20%"
"30.06.2023","491,50","496,50","491,50","491,50","","0,00%"
"29.06.2023","491,50","498,50","491,50","491,50","","-0,41%"
"28.06.2023","493,50","498,50","493,50","493,50","","0,00%"
"27.06.2023","493,50","495,50","493,50","493,50","","0,61%"
"26.06.2023","490,50","495,50","490,50","490,50","","-0,41%"
"23.06.2023","492,50","495,50","492,50","492,50","","0,41%"
"22.06.2023","490,50","495,50","490,50","490,50","","0,20%"
"21.06.2023","489,50","491,50","489,50","489,50","","0,00%"
"16.06.2023","489,50","489,50","489,50","489,50","","1,03%"
"15.06.2023","484,50","495,50","484,50","484,50","","-1,82%"
"14.06.2023","493,50","494,50","493,50","493,50","","1,44%"
"13.06.2023","486,50","487,50","486,50","486,50","","1,04%"
"12.06.2023","481,50","485,50","481,50","481,50","","0,21%"
"09.06.2023","480,50","486,50","480,50","480,50","","-0,21%"
"08.06.2023","481,50","486,50","481,50","481,50","","0,00%"
"07.06.2023","481,50","488,50","481,50","481,50","","-0,21%"
"06.06.2023","482,50","492,50","482,50","482,50","","-0,31%"
"05.06.2023","484,00","492,00","484,00","484,00","","-0,72%"
"02.06.2023","487,50","492,50","487,50","487,50","","0,00%"
"01.06.2023","487,50","492,50","487,50","487,50","","0,00%"
"31.05.2023","487,50","494,50","487,50","487,50","","-0,61%"
"30.05.2023","490,50","495,50","490,50","490,50","","0,20%"
"29.05.2023","489,50","493,50","489,50","489,50","","-0,20%"
"24.05.2023","490,50","495,50","490,50","490,50","","0,20%"
"23.05.2023","489,50","496,50","489,50","489,50","","0,41%"
"22.05.2023","487,50","489,50","487,50","487,50","","0,83%"
"19.05.2023","483,50","492,50","483,50","483,50","","-0,41%"
"18.05.2023","485,50","490,50","485,50","485,50","","0,21%"
"17.05.2023","484,50","491,50","484,50","484,50","","-0,21%"
"16.05.2023","485,50","491,50","485,50","485,50","","1,04%"
"15.05.2023","480,50","477,50","480,50","480,50","","1,91%"
"12.05.2023","471,50","476,50","471,50","471,50","","-0,21%"
"11.05.2023","472,50","475,50","472,50","472,50","","0,64%"
"10.05.2023","469,50","474,50","469,50","469,50","","0,21%"
"09.05.2023","468,50","492,50","468,50","468,50","","0,21%"
"08.05.2023","467,50","492,50","467,50","467,50","","0,21%"
"05.05.2023","466,50","492,50","466,50","466,50","","0,21%"
"04.05.2023","465,50","492,50","465,50","465,50","","-0,21%"
"03.05.2023","466,50","492,50","466,50","466,50","","-1,06%"
"02.05.2023","471,50","492,50","471,50","471,50","","1,07%"
"28.04.2023","466,50","492,50","466,50","466,50","","0,43%"
"27.04.2023","464,50","492,50","464,50","464,50","","-1,48%"
"26.04.2023","471,50","492,50","471,50","471,50","","-4,26%"
"25.04.2023","492,50","472,50","492,50","492,50","","7,18%"
"24.04.2023","459,50","452,50","459,50","459,50","","4,55%"
"21.04.2023","439,50","426,50","439,50","439,50","","2,33%"
"20.04.2023","429,50","426,50","429,50","429,50","","2,02%"
"19.04.2023","421,00","412,00","421,00","421,00","","1,20%"
"18.04.2023","416,00","412,00","416,00","416,00","","2,46%"
"17.04.2023","406,00","402,00","406,00","406,00","","2,01%"
"14.04.2023","398,00","401,00","398,00","398,00","","0,00%"
"13.04.2023","398,00","401,00","398,00","398,00","","0,51%"
"12.04.2023","396,00","397,00","396,00","396,00","","1,02%"
"11.04.2023","392,00","393,00","392,00","392,00","","0,77%"
"10.04.2023","389,00","393,00","389,00","389,00","","-0,26%"
"05.04.2023","390,00","393,00","390,00","390,00","","0,00%"
"04.04.2023","390,00","395,00","390,00","390,00","","0,00%"
"03.04.2023","390,00","397,00","390,00","390,00","","-0,76%"
"31.03.2023","393,00","395,00","393,00","393,00","","0,51%"
"30.03.2023","391,00","394,00","391,00","391,00","","0,00%"
"29.03.2023","391,00","397,00","391,00","391,00","","-1,01%"
"28.03.2023","395,00","396,00","395,00","395,00","","1,80%"
"27.03.2023","388,00","391,00","388,00","388,00","","0,26%"
"23.03.2023","387,00","294,00","387,00","387,00","","-0,51%"
"22.03.2023","389,00","373,00","389,00","389,00","","-0,77%"
"21.03.2023","392,00","373,00","392,00","392,00","","2,08%"
"20.03.2023","384,00","373,00","384,00","384,00","","0,79%"
"17.03.2023","381,00","373,00","381,00","381,00","","0,00%"
"16.03.2023","381,00","373,00","381,00","381,00","","1,06%"
"15.03.2023","377,00","373,00","377,00","377,00","","0,53%"
"14.03.2023","375,00","373,00","375,00","375,00","","0,00%"
"13.03.2023","375,00","373,00","375,00","375,00","","1,08%"
"10.03.2023","371,00","373,00","371,00","371,00","","0,00%"
"09.03.2023","371,00","378,00","371,00","371,00","","-1,20%"
"08.03.2023","375,50","374,50","375,50","375,50","","1,76%"
"07.03.2023","369,00","371,00","369,00","369,00","","-0,27%"
"06.03.2023","370,00","377,00","370,00","370,00","","-0,80%"
"03.03.2023","373,00","377,00","373,00","373,00","","-0,53%"
"02.03.2023","375,00","377,00","375,00","375,00","","0,54%"
"01.03.2023","373,00","377,00","373,00","373,00","","0,00%"
"28.02.2023","373,00","379,00","373,00","373,00","","-0,53%"
"27.02.2023","375,00","379,00","375,00","375,00","","-0,53%"
"24.02.2023","377,00","381,00","377,00","377,00","","0,00%"
"23.02.2023","377,00","379,00","377,00","377,00","","0,53%"
"22.02.2023","375,00","379,00","375,00","375,00","","0,00%"
"17.02.2023","375,00","379,00","375,00","375,00","","0,00%"
"16.02.2023","375,00","379,00","375,00","375,00","","-0,27%"
"15.02.2023","376,00","381,00","376,00","376,00","","-0,27%"
"14.02.2023","377,00","383,00","377,00","377,00","","0,00%"
"13.02.2023","377,00","380,00","377,00","377,00","","0,53%"
"10.02.2023","375,00","381,00","375,00","375,00","","-0,53%"
"09.02.2023","377,00","385,00","377,00","377,00","","-0,40%"
"08.02.2023","378,50","381,50","378,50","378,50","","0,93%"
"07.02.2023","375,00","377,00","375,00","375,00","","1,08%"
"06.02.2023","371,00","381,00","371,00","371,00","","-1,59%"
"03.02.2023","377,00","380,00","377,00","377,00","","0,27%"
"02.02.2023","376,00","379,00","376,00","376,00","","0,27%"
"01.02.2023","375,00","383,00","375,00","375,00","","-1,06%"
"31.01.2023","379,00","385,00","379,00","379,00","","-0,52%"
"30.01.2023","381,00","389,00","381,00","381,00","","-0,78%"
"27.01.2023","384,00","388,00","384,00","384,00","","0,26%"
"26.01.2023","383,00","385,00","383,00","383,00","","0,52%"
"25.01.2023","381,00","383,00","381,00","381,00","","0,53%"
"24.01.2023","379,00","383,00","379,00","379,00","","1,34%"
"23.01.2023","374,00","377,00","374,00","374,00","","0,00%"
"20.01.2023","374,00","375,00","374,00","374,00","","0,54%"
"19.01.2023","372,00","376,00","372,00","372,00","","-0,80%"
"18.01.2023","375,00","376,00","375,00","375,00","","-0,27%"
"17.01.2023","376,00","377,00","376,00","376,00","","2,17%"
"16.01.2023","368,00","368,00","368,00","368,00","","0,27%"
"13.01.2023","367,00","368,00","367,00","367,00","","2,23%"
"12.01.2023","359,00","362,00","359,00","359,00","","0,56%"
"11.01.2023","357,00","362,00","357,00","357,00","","0,56%"
"10.01.2023","355,00","359,00","355,00","355,00","","0,57%"
"09.01.2023","353,00","356,00","353,00","353,00","","0,28%"
"06.01.2023","352,00","355,00","352,00","352,00","","0,43%"
"05.01.2023","350,50","353,50","350,50","350,50","","-0,43%"
"04.01.2023","352,00","356,00","352,00","352,00","","0,00%"
"03.01.2023","352,00","353,00","352,00","352,00","","2,33%"
"02.01.2023","344,00","350,00","344,00","344,00","","0,00%"
"30.12.2022","344,00","350,00","344,00","344,00","","-1,15%"
"29.12.2022","348,00","359,00","348,00","348,00","","-1,97%"
"28.12.2022","355,00","361,00","355,00","355,00","","0,28%"
"27.12.2022","354,00","354,00","354,00","354,00","","2,91%"
"26.12.2022","344,00","341,00","344,00","344,00","","1,78%"
"23.12.2022","338,00","339,00","338,00","338,00","","3,05%"
"22.12.2022","328,00","329,00","328,00","328,00","","1,55%"
"21.12.2022","323,00","326,00","323,00","323,00","","-0,31%"
"20.12.2022","324,00","328,00","324,00","324,00","","0,31%"
"19.12.2022","323,00","325,00","323,00","323,00","","1,25%"
"16.12.2022","319,00","322,00","319,00","319,00","","0,31%"
"15.12.2022","318,00","324,00","318,00","318,00","","0,00%"
"14.12.2022","318,00","321,00","318,00","318,00","","1,60%"
"13.12.2022","313,00","316,00","313,00","313,00","","0,97%"
"12.12.2022","310,00","317,00","310,00","310,00","","-1,27%"
"07.12.2022","314,00","320,00","314,00","314,00","","0,32%"
"06.12.2022","313,00","315,00","313,00","313,00","","0,97%"
"05.12.2022","310,00","313,00","310,00","310,00","","0,00%"
"02.12.2022","310,00","314,00","310,00","310,00","","-0,32%"
"01.12.2022","311,00","316,00","311,00","311,00","","-0,32%"
"30.11.2022","312,00","316,00","312,00","312,00","","-0,32%"
"29.11.2022","313,00","318,00","313,00","313,00","","-0,95%"
"28.11.2022","316,00","320,00","316,00","316,00","","-0,63%"
"25.11.2022","318,00","321,00","318,00","318,00","","0,32%"
"24.11.2022","317,00","315,00","317,00","317,00","","2,26%"
"23.11.2022","310,00","311,00","310,00","310,00","","1,31%"
"22.11.2022","306,00","307,00","306,00","306,00","","0,66%"
"18.11.2022","304,00","307,00","304,00","304,00","","-0,33%"
"17.11.2022","305,00","307,00","305,00","305,00","","-0,33%"
"16.11.2022","306,00","305,00","306,00","306,00","","2,00%"
"15.11.2022","300,00","299,00","300,00","300,00","","2,74%"
"14.11.2022","292,00","295,00","292,00","292,00","","0,34%"
"11.11.2022","291,00","294,00","291,00","291,00","","0,34%"
"10.11.2022","290,00","294,00","290,00","290,00","","0,00%"
"09.11.2022","290,00","293,00","290,00","290,00","","0,35%"
"08.11.2022","289,00","292,00","289,00","289,00","","0,35%"
"07.11.2022","288,00","291,00","288,00","288,00","","0,35%"
"04.11.2022","287,00","288,00","287,00","287,00","","0,70%"
"03.11.2022","285,00","292,00","285,00","285,00","","-1,38%"
"02.11.2022","289,00","293,00","289,00","289,00","","0,35%"
"01.11.2022","288,00","292,00","288,00","288,00","","0,00%"
"31.10.2022","288,00","293,00","288,00","288,00","","-0,69%"
"28.10.2022","290,00","292,00","290,00","290,00","","0,35%"
"27.10.2022","289,00","292,00","289,00","289,00","","-0,34%"
"26.10.2022","290,00","294,00","290,00","290,00","","-0,34%"
"25.10.2022","291,00","293,00","291,00","291,00","","0,69%"
"24.10.2022","289,00","293,00","289,00","289,00","","0,00%"
"21.10.2022","289,00","291,00","289,00","289,00","","0,00%"
"20.10.2022","289,00","294,00","289,00","289,00","","-0,34%"
"19.10.2022","290,00","294,00","290,00","290,00","","0,69%"
"18.10.2022","288,00","290,00","288,00","288,00","","1,05%"
"17.10.2022","285,00","289,00","285,00","285,00","","-1,04%"
"14.10.2022","288,00","283,00","288,00","288,00","","-0,35%"
"13.10.2022","289,00","283,00","289,00","289,00","","0,70%"
"12.10.2022","287,00","283,00","287,00","287,00","","3,24%"
"11.10.2022","278,00","283,00","278,00","278,00","","1,09%"
"06.10.2022","275,00","283,00","275,00","275,00","","-1,79%"
"05.10.2022","280,00","284,00","280,00","280,00","","0,00%"
"04.10.2022","280,00","286,00","280,00","280,00","","-0,71%"
"03.10.2022","282,00","289,00","282,00","282,00","","-1,40%"
"30.09.2022","286,00","290,00","286,00","286,00","","0,00%"
"29.09.2022","286,00","292,00","286,00","286,00","","-0,69%"
"28.09.2022","288,00","293,00","288,00","288,00","","0,00%"
"27.09.2022","288,00","288,00","288,00","288,00","","1,41%"
"26.09.2022","284,00","288,00","284,00","284,00","","-0,35%"
"23.09.2022","285,00","287,00","285,00","285,00","","0,53%"
"22.09.2022","283,50","286,50","283,50","283,50","","-0,53%"
"21.09.2022","285,00","287,00","285,00","285,00","","0,00%"
"20.09.2022","285,00","287,00","285,00","285,00","","2,89%"
"19.09.2022","277,00","280,00","277,00","277,00","","0,73%"
"16.09.2022","275,00","278,00","275,00","275,00","","0,36%"
"15.09.2022","274,00","278,00","274,00","274,00","","-0,36%"
"14.09.2022","275,00","278,00","275,00","275,00","","1,48%"
"13.09.2022","271,00","274,00","271,00","271,00","","0,37%"
"12.09.2022","270,00","274,00","270,00","270,00","","-0,74%"
"09.09.2022","272,00","281,00","272,00","272,00","","-2,16%"
"08.09.2022","278,00","282,00","278,00","278,00","","-1,42%"
"07.09.2022","282,00","277,00","282,00","282,00","","2,92%"
"06.09.2022","274,00","272,00","274,00","274,00","","2,24%"
"05.09.2022","268,00","282,00","268,00","268,00","","-5,30%"
"02.09.2022","283,00","292,00","283,00","283,00","","0,00%"
"01.09.2022","283,00","292,00","283,00","283,00","","-1,74%"
"31.08.2022","288,00","293,00","288,00","288,00","","-0,35%"
"30.08.2022","289,00","293,00","289,00","289,00","","-0,34%"
"29.08.2022","290,00","294,00","290,00","290,00","","0,00%"
"26.08.2022","290,00","292,00","290,00","290,00","","-0,34%"
"25.08.2022","291,00","295,00","291,00","291,00","","-0,68%"
"24.08.2022","293,00","297,00","293,00","293,00","","-0,68%"
"23.08.2022","295,00","296,00","295,00","295,00","","1,72%"
"22.08.2022","290,00","296,00","290,00","290,00","","-1,02%"
"19.08.2022","293,00","297,00","293,00","293,00","","0,69%"
"18.08.2022","291,00","294,00","291,00","291,00","","0,34%"
"17.08.2022","290,00","222,00","290,00","290,00","","0,52%"
"16.08.2022","288,50","295,50","288,50","288,50","","-1,37%"
"12.08.2022","292,50","297,50","292,50","292,50","","-0,68%"
"11.08.2022","294,50","297,50","294,50","294,50","","0,68%"
"10.08.2022","292,50","296,50","292,50","292,50","","0,69%"
"09.08.2022","290,50","294,50","290,50","290,50","","0,35%"
"08.08.2022","289,50","294,50","289,50","289,50","","-0,34%"
"05.08.2022","290,50","296,50","290,50","290,50","","0,69%"
"04.08.2022","288,50","295,50","288,50","288,50","","-2,37%"
"03.08.2022","295,50","293,50","295,50","295,50","","2,43%"
"02.08.2022","288,50","283,50","288,50","288,50","","3,22%"
"01.08.2022","279,50","294,50","279,50","279,50","","-4,77%"
"29.07.2022","293,50","313,50","293,50","293,50","","-5,78%"
"28.07.2022","311,50","327,50","311,50","311,50","","-3,71%"
"27.07.2022","323,50","324,50","323,50","323,50","","0,94%"
"26.07.2022","320,50","323,50","320,50","320,50","","0,31%"
"25.07.2022","319,50","350,50","319,50","319,50","","-4,77%"
"22.07.2022","335,50","350,50","335,50","335,50","","0,30%"
"21.07.2022","334,50","324,50","334,50","334,50","","6,36%"
"20.07.2022","314,50","309,50","314,50","314,50","","5,36%"
"19.07.2022","298,50","295,50","298,50","298,50","","3,47%"
"18.07.2022","288,50","292,50","288,50","288,50","","-0,69%"
"15.07.2022","290,50","293,50","290,50","290,50","","1,40%"
"14.07.2022","286,50","287,50","286,50","286,50","","2,14%"
"13.07.2022","280,50","277,50","280,50","280,50","","4,08%"
"12.07.2022","269,50","270,50","269,50","269,50","","1,51%"
"11.07.2022","265,50","273,50","265,50","265,50","","-1,85%"
"08.07.2022","270,50","269,50","270,50","270,50","","6,29%"
"07.07.2022","254,50","253,50","254,50","254,50","","0,79%"
"06.07.2022","252,50","252,50","252,50","252,50","","1,20%"
"05.07.2022","249,50","269,50","249,50","249,50","","-1,19%"
"04.07.2022","252,50","244,50","252,50","252,50","","6,32%"
"01.07.2022","237,50","238,50","237,50","237,50","","0,42%"
"30.06.2022","236,50","238,50","236,50","236,50","","-0,42%"
"29.06.2022","237,50","237,50","237,50","237,50","","0,00%"
"28.06.2022","237,50","237,50","237,50","237,50","","3,04%"
"27.06.2022","230,50","227,50","230,50","230,50","","2,67%"
"24.06.2022","224,50","225,50","224,50","224,50","","0,90%"
"23.06.2022","222,50","225,50","222,50","222,50","","0,00%"
"22.06.2022","222,50","219,50","222,50","222,50","","1,83%"
"21.06.2022","218,50","219,50","218,50","218,50","","1,86%"
"16.06.2022","214,50","221,50","214,50","214,50","","-0,46%"
"15.06.2022","215,50","221,50","215,50","215,50","","-3,15%"
"14.06.2022","222,50","221,50","222,50","222,50","","3,73%"
"13.06.2022","214,50","213,50","214,50","214,50","","2,88%"
"10.06.2022","208,50","210,50","208,50","208,50","","0,97%"
"09.06.2022","206,50","208,50","206,50","206,50","","0,00%"
"08.06.2022","206,50","208,50","206,50","206,50","","0,98%"
"07.06.2022","204,50","206,50","204,50","204,50","","0,49%"
"06.06.2022","203,50","205,50","203,50","203,50","","0,00%"
"03.06.2022","203,50","205,50","203,50","203,50","","-0,49%"
"02.06.2022","204,50","206,50","204,50","204,50","","0,00%"
"01.06.2022","204,50","207,50","204,50","204,50","","-0,49%"
"31.05.2022","205,50","207,50","205,50","205,50","","0,00%"
"30.05.2022","205,50","206,50","205,50","205,50","","0,24%"
"27.05.2022","205,00","206,50","205,00","205,00","","-0,24%"
"26.05.2022","205,50","208,50","205,50","205,50","","-0,48%"
"24.05.2022","206,50","208,50","206,50","206,50","","0,73%"
"23.05.2022","205,00","206,50","205,00","205,00","","1,23%"
"20.05.2022","202,50","208,50","202,50","202,50","","-0,98%"
"19.05.2022","204,50","208,50","204,50","204,50","","-0,97%"
"17.05.2022","206,50","208,50","206,50","206,50","","1,47%"
"16.05.2022","203,50","205,50","203,50","203,50","","0,74%"
"13.05.2022","202,00","205,50","202,00","202,00","","0,00%"
"12.05.2022","202,00","205,50","202,00","202,00","","-0,74%"
"11.05.2022","203,50","204,50","203,50","203,50","","1,50%"
"10.05.2022","200,50","202,00","200,50","200,50","","0,25%"
"09.05.2022","200,00","202,00","200,00","200,00","","0,25%"
"06.05.2022","199,50","203,00","199,50","199,50","","-0,25%"
"05.05.2022","200,00","202,50","200,00","200,00","","0,25%"
"04.05.2022","199,50","203,50","199,50","199,50","","-1,24%"
"03.05.2022","202,00","202,50","202,00","202,00","","1,25%"
"02.05.2022","199,50","202,50","199,50","199,50","","0,25%"
"29.04.2022","199,00","201,50","199,00","199,00","","-1,73%"
"28.04.2022","202,50","208,00","202,50","202,50","","-1,22%"
"27.04.2022","205,00","212,50","205,00","205,00","","-2,84%"
"26.04.2022","211,00","210,50","211,00","211,00","","3,43%"
"25.04.2022","204,00","205,50","204,00","204,00","","1,24%"
"22.04.2022","201,50","203,50","201,50","201,50","","0,50%"
"21.04.2022","200,50","200,50","200,50","200,50","","1,26%"
"20.04.2022","198,00","200,50","198,00","198,00","","0,76%"
"19.04.2022","196,50","197,50","196,50","196,50","","1,55%"
"18.04.2022","193,50","196,50","193,50","193,50","","0,00%"
"13.04.2022","193,50","196,50","193,50","193,50","","0,00%"
"12.04.2022","193,50","196,50","193,50","193,50","","0,00%"
"11.04.2022","193,50","196,50","193,50","193,50","","-0,77%"
"08.04.2022","195,00","197,50","195,00","195,00","","0,26%"
"07.04.2022","194,50","198,50","194,50","194,50","","0,00%"
"06.04.2022","194,50","197,50","194,50","194,50","","0,00%"
"05.04.2022","194,50","199,00","194,50","194,50","","-1,52%"
"04.04.2022","197,50","200,50","197,50","197,50","","-0,50%"
"01.04.2022","198,50","201,50","198,50","198,50","","0,00%"
"31.03.2022","198,50","204,50","198,50","198,50","","-0,50%"
"30.03.2022","199,50","204,50","199,50","199,50","","0,50%"
"29.03.2022","198,50","201,50","198,50","198,50","","0,00%"
"28.03.2022","198,50","201,50","198,50","198,50","","-1,00%"
"25.03.2022","200,50","204,50","200,50","200,50","","0,50%"
"23.03.2022","199,50","204,50","199,50","199,50","","0,00%"
"22.03.2022","199,50","204,50","199,50","199,50","","-0,50%"
"21.03.2022","200,50","204,50","200,50","200,50","","-0,25%"
"18.03.2022","201,00","204,50","201,00","201,00","","0,25%"
"17.03.2022","200,50","204,50","200,50","200,50","","0,00%"
"16.03.2022","200,50","204,50","200,50","200,50","","1,01%"
"15.03.2022","198,50","204,50","198,50","198,50","","0,00%"
"14.03.2022","198,50","204,50","198,50","198,50","","-1,00%"
"11.03.2022","200,50","204,50","200,50","200,50","","-0,50%"
"10.03.2022","201,50","204,50","201,50","201,50","","-0,74%"
"09.03.2022","203,00","204,50","203,00","203,00","","1,25%"
"08.03.2022","200,50","203,50","200,50","200,50","","0,50%"
"07.03.2022","199,50","202,00","199,50","199,50","","0,00%"
"04.03.2022","199,50","202,50","199,50","199,50","","-1,48%"
"03.03.2022","202,50","206,50","202,50","202,50","","-0,98%"
"02.03.2022","204,50","212,50","204,50","204,50","","-2,39%"
"25.02.2022","209,50","212,50","209,50","209,50","","0,24%"
"24.02.2022","209,00","212,00","209,00","209,00","","0,24%"
"23.02.2022","208,50","211,50","208,50","208,50","","0,00%"
"22.02.2022","208,50","212,50","208,50","208,50","","-0,71%"
"21.02.2022","210,00","213,50","210,00","210,00","","0,24%"
"18.02.2022","209,50","213,50","209,50","209,50","","-1,41%"
"17.02.2022","212,50","215,50","212,50","212,50","","-0,47%"
"16.02.2022","213,50","216,50","213,50","213,50","","0,00%"
"15.02.2022","213,50","216,50","213,50","213,50","","0,00%"
"14.02.2022","213,50","216,50","213,50","213,50","","-0,23%"
"11.02.2022","214,00","215,50","214,00","214,00","","0,00%"
"10.02.2022","214,00","215,50","214,00","214,00","","-0,70%"
"09.02.2022","215,50","215,50","215,50","215,50","","0,94%"
"08.02.2022","213,50","215,50","213,50","213,50","","0,47%"
"07.02.2022","212,50","213,50","212,50","212,50","","0,00%"
"04.02.2022","212,50","216,50","212,50","212,50","","-0,93%"
"03.02.2022","214,50","218,50","214,50","214,50","","-0,23%"
"02.02.2022","215,00","218,50","215,00","215,00","","1,18%"
"01.02.2022","212,50","215,00","212,50","212,50","","0,47%"
"31.01.2022","211,50","213,50","211,50","211,50","","0,24%"
"28.01.2022","211,00","218,50","211,00","211,00","","-4,52%"
"27.01.2022","221,00","224,50","221,00","221,00","","0,68%"
"26.01.2022","219,50","221,50","219,50","219,50","","0,69%"
"25.01.2022","218,00","220,50","218,00","218,00","","0,23%"
"24.01.2022","217,50","219,50","217,50","217,50","","0,00%"
"21.01.2022","217,50","216,50","217,50","217,50","","2,35%"
"20.01.2022","212,50","214,50","212,50","212,50","","0,47%"
"19.01.2022","211,50","212,00","211,50","211,50","","0,95%"
"18.01.2022","209,50","210,50","209,50","209,50","","0,96%"
"17.01.2022","207,50","210,50","207,50","207,50","","-0,24%"
"14.01.2022","208,00","210,50","208,00","208,00","","0,00%"
"13.01.2022","208,00","210,50","208,00","208,00","","0,48%"
"12.01.2022","207,00","208,50","207,00","207,00","","-0,24%"
"11.01.2022","207,50","208,50","207,50","207,50","","1,47%"
"10.01.2022","204,50","208,50","204,50","204,50","","-0,97%"
"07.01.2022","206,50","210,00","206,50","206,50","","-0,24%"
"06.01.2022","207,00","209,50","207,00","207,00","","0,49%"
"05.01.2022","206,00","208,50","206,00","206,00","","0,49%"
"04.01.2022","205,00","207,50","205,00","205,00","","0,24%"
"03.01.2022","204,50","207,50","204,50","204,50","","-0,97%"
"30.12.2021","206,50","203,50","206,50","206,50","","-0,48%"
"29.12.2021","207,50","203,50","207,50","207,50","","1,47%"
"28.12.2021","204,50","203,50","204,50","204,50","","1,24%"
"27.12.2021","202,00","203,50","202,00","202,00","","-0,25%"
"23.12.2021","202,50","203,50","202,50","202,50","","1,76%"
"22.12.2021","199,00","201,50","199,00","199,00","","0,76%"
"21.12.2021","197,50","201,00","197,50","197,50","","-0,50%"
"20.12.2021","198,50","202,00","198,50","198,50","","0,00%"
"17.12.2021","198,50","201,50","198,50","198,50","","0,76%"
"16.12.2021","197,00","200,00","197,00","197,00","","0,00%"
"15.12.2021","197,00","198,50","197,00","197,00","","1,03%"
"14.12.2021","195,00","197,50","195,00","195,00","","0,52%"
"13.12.2021","194,00","197,50","194,00","194,00","","-0,51%"
"10.12.2021","195,00","197,50","195,00","195,00","","0,26%"
"09.12.2021","194,50","198,50","194,50","194,50","","-1,02%"
"07.12.2021","196,50","200,00","196,50","196,50","","-0,51%"
"06.12.2021","197,50","202,00","197,50","197,50","","-0,75%"
"03.12.2021","199,00","202,00","199,00","199,00","","0,00%"
"02.12.2021","199,00","202,50","199,00","199,00","","-0,50%"
"30.11.2021","200,00","203,00","200,00","200,00","","0,25%"
"29.11.2021","199,50","202,50","199,50","199,50","","0,00%"
"26.11.2021","199,50","202,50","199,50","199,50","","0,00%"
"25.11.2021","199,50","202,50","199,50","199,50","","0,25%"
"24.11.2021","199,00","202,50","199,00","199,00","","-0,25%"
"23.11.2021","199,50","202,50","199,50","199,50","","-0,25%"
"19.11.2021","200,00","202,00","200,00","200,00","","0,25%"
"18.11.2021","199,50","202,00","199,50","199,50","","-0,25%"
"17.11.2021","200,00","202,00","200,00","200,00","","0,50%"
"16.11.2021","199,00","201,50","199,00","199,00","","0,51%"
"15.11.2021","198,00","202,50","198,00","198,00","","-0,25%"
"12.11.2021","198,50","205,50","198,50","198,50","","-3,17%"
"11.11.2021","205,00","203,50","205,00","205,00","","0,74%"
"10.11.2021","203,50","203,50","203,50","203,50","","2,78%"
"09.11.2021","198,00","200,50","198,00","198,00","","0,25%"
"08.11.2021","197,50","200,50","197,50","197,50","","0,00%"
"05.11.2021","197,50","200,50","197,50","197,50","","0,00%"
"04.11.2021","197,50","201,00","197,50","197,50","","0,00%"
"03.11.2021","197,50","198,50","197,50","197,50","","0,77%"
"02.11.2021","196,00","198,50","196,00","196,00","","0,51%"
"01.11.2021","195,00","198,00","195,00","195,00","","-0,51%"
"29.10.2021","196,00","199,50","196,00","196,00","","-0,25%"
"28.10.2021","196,50","199,50","196,50","196,50","","0,51%"
"27.10.2021","195,50","198,00","195,50","195,50","","0,51%"
"26.10.2021","194,50","195,50","194,50","194,50","","1,04%"
"25.10.2021","192,50","195,00","192,50","192,50","","-0,52%"
"22.10.2021","193,50","189,00","193,50","193,50","","2,11%"
"21.10.2021","189,50","189,00","189,50","189,50","","1,61%"
"20.10.2021","186,50","189,00","186,50","186,50","","0,54%"
"19.10.2021","185,50","188,00","185,50","185,50","","0,82%"
"18.10.2021","184,00","187,50","184,00","184,00","","-0,54%"
"15.10.2021","185,00","186,50","185,00","185,00","","0,54%"
"14.10.2021","184,00","186,50","184,00","184,00","","0,27%"
"13.10.2021","183,50","186,50","183,50","183,50","","0,00%"
"12.10.2021","183,50","186,50","183,50","183,50","","0,27%"
"07.10.2021","183,00","186,50","183,00","183,00","","-0,54%"
"06.10.2021","184,00","188,50","184,00","184,00","","0,27%"
"05.10.2021","183,50","186,50","183,50","183,50","","0,00%"
"04.10.2021","183,50","187,50","183,50","183,50","","-0,54%"
"01.10.2021","184,50","187,50","184,50","184,50","","0,00%"
"30.09.2021","184,50","188,00","184,50","184,50","","-0,54%"
"29.09.2021","185,50","189,00","185,50","185,50","","0,00%"
"28.09.2021","185,50","188,00","185,50","185,50","","0,27%"
"27.09.2021","185,00","188,00","185,00","185,00","","0,27%"
"24.09.2021","184,50","186,50","184,50","184,50","","0,54%"
"23.09.2021","183,50","186,50","183,50","183,50","","0,00%"
"22.09.2021","183,50","185,50","183,50","183,50","","0,55%"
"21.09.2021","182,50","186,00","182,50","182,50","","0,00%"
"20.09.2021","182,50","187,00","182,50","182,50","","-0,54%"
"17.09.2021","183,50","187,50","183,50","183,50","","-0,54%"
"16.09.2021","184,50","187,50","184,50","184,50","","0,54%"
"15.09.2021","183,50","185,00","183,50","183,50","","1,38%"
"14.09.2021","181,00","183,50","181,00","181,00","","0,84%"
"13.09.2021","179,50","183,50","179,50","179,50","","-2,18%"
"10.09.2021","183,50","189,00","183,50","183,50","","-0,81%"
"09.09.2021","185,00","189,00","185,00","185,00","","-0,27%"
"08.09.2021","185,50","186,50","185,50","185,50","","1,92%"
"07.09.2021","182,00","183,50","182,00","182,00","","0,83%"
"06.09.2021","180,50","183,50","180,50","180,50","","0,00%"
"03.09.2021","180,50","182,50","180,50","180,50","","0,56%"
"02.09.2021","179,50","182,00","179,50","179,50","","0,00%"
"01.09.2021","179,50","183,00","179,50","179,50","","-0,28%"
"31.08.2021","180,00","183,00","180,00","180,00","","-0,28%"
"30.08.2021","180,50","183,50","180,50","180,50","","0,00%"
"27.08.2021","180,50","183,00","180,50","180,50","","0,28%"
"26.08.2021","180,00","183,00","180,00","180,00","","0,00%"
"25.08.2021","180,00","183,00","180,00","180,00","","-0,28%"
"24.08.2021","180,50","183,50","180,50","180,50","","0,00%"
"23.08.2021","180,50","183,50","180,50","180,50","","0,00%"
"20.08.2021","180,50","183,50","180,50","180,50","","0,28%"
"19.08.2021","180,00","183,00","180,00","180,00","","-0,28%"
"18.08.2021","180,50","184,50","180,50","180,50","","-0,28%"
"17.08.2021","181,00","184,50","181,00","181,00","","0,56%"
"13.08.2021","180,00","183,00","180,00","180,00","","1,69%"
"12.08.2021","177,00","179,50","177,00","177,00","","0,28%"
"11.08.2021","176,50","179,50","176,50","176,50","","0,00%"
"10.08.2021","176,50","180,00","176,50","176,50","","-0,56%"
"09.08.2021","177,50","180,00","177,50","177,50","","0,28%"
"06.08.2021","177,00","179,50","177,00","177,00","","-0,84%"
"05.08.2021","178,50","181,50","178,50","178,50","","-0,56%"
"04.08.2021","179,50","181,50","179,50","179,50","","0,00%"
"03.08.2021","179,50","181,50","179,50","179,50","","0,00%"
"02.08.2021","179,50","181,50","179,50","179,50","","0,00%"
"30.07.2021","179,50","181,00","179,50","179,50","","0,56%"
"29.07.2021","178,50","181,50","178,50","178,50","","0,00%"
"28.07.2021","178,50","184,50","178,50","178,50","","-1,65%"
"27.07.2021","181,50","184,50","181,50","181,50","","-0,55%"
"26.07.2021","182,50","186,00","182,50","182,50","","-0,54%"
"23.07.2021","183,50","186,50","183,50","183,50","","0,27%"
"22.07.2021","183,00","184,50","183,00","183,00","","1,10%"
"21.07.2021","181,00","184,50","181,00","181,00","","0,28%"
"20.07.2021","180,50","181,50","180,50","180,50","","1,12%"
"19.07.2021","178,50","181,00","178,50","178,50","","0,56%"
"16.07.2021","177,50","179,50","177,50","177,50","","0,57%"
"15.07.2021","176,50","177,50","176,50","176,50","","0,57%"
"14.07.2021","175,50","177,50","175,50","175,50","","0,57%"
"13.07.2021","174,50","177,50","174,50","174,50","","-0,29%"
"12.07.2021","175,00","173,00","175,00","175,00","","1,45%"
"08.07.2021","172,50","172,50","172,50","172,50","","1,17%"
"07.07.2021","170,50","172,50","170,50","170,50","","0,59%"
"06.07.2021","169,50","172,50","169,50","169,50","","0,00%"
"05.07.2021","169,50","172,50","169,50","169,50","","0,59%"
"02.07.2021","168,50","170,50","168,50","168,50","","0,60%"
"01.07.2021","167,50","170,50","167,50","167,50","","0,60%"
"30.06.2021","166,50","170,50","166,50","166,50","","-1,19%"
"29.06.2021","168,50","174,50","168,50","168,50","","-1,75%"
"28.06.2021","171,50","174,50","171,50","171,50","","-0,58%"
"25.06.2021","172,50","166,50","172,50","172,50","","2,37%"
"24.06.2021","168,50","166,50","168,50","168,50","","2,43%"
"23.06.2021","164,50","166,50","164,50","164,50","","0,61%"
"22.06.2021","163,50","165,50","163,50","163,50","","0,62%"
"18.06.2021","162,50","164,50","162,50","162,50","","0,62%"
"17.06.2021","161,50","164,50","161,50","161,50","","0,00%"
"16.06.2021","161,50","163,50","161,50","161,50","","1,89%"
"15.06.2021","158,50","160,50","158,50","158,50","","1,28%"
"14.06.2021","156,50","159,50","156,50","156,50","","0,00%"
"11.06.2021","156,50","159,50","156,50","156,50","","0,64%"
"10.06.2021","155,50","158,50","155,50","155,50","","0,65%"
"09.06.2021","154,50","157,50","154,50","154,50","","0,00%"
"08.06.2021","154,50","157,50","154,50","154,50","","-0,64%"
"07.06.2021","155,50","157,50","155,50","155,50","","0,00%"
"04.06.2021","155,50","157,50","155,50","155,50","","0,65%"
"03.06.2021","154,50","157,50","154,50","154,50","","0,00%"
"02.06.2021","154,50","157,50","154,50","154,50","","0,65%"
"01.06.2021","153,50","157,50","153,50","153,50","","-1,29%"
"31.05.2021","155,50","157,50","155,50","155,50","","0,00%"
"28.05.2021","155,50","158,50","155,50","155,50","","0,00%"
"27.05.2021","155,50","157,50","155,50","155,50","","1,30%"
"26.05.2021","153,50","154,50","153,50","153,50","","1,32%"
"24.05.2021","151,50","154,50","151,50","151,50","","0,00%"
"21.05.2021","151,50","154,50","151,50","151,50","","-1,30%"
"20.05.2021","153,50","156,50","153,50","153,50","","-0,65%"
"19.05.2021","154,50","157,50","154,50","154,50","","0,00%"
"18.05.2021","154,50","154,50","154,50","154,50","","1,98%"
"17.05.2021","151,50","154,50","151,50","151,50","","0,00%"
"14.05.2021","151,50","152,50","151,50","151,50","","1,34%"
"13.05.2021","149,50","152,50","149,50","149,50","","-0,66%"
"12.05.2021","150,50","152,50","150,50","150,50","","0,67%"
"11.05.2021","149,50","152,50","149,50","149,50","","-0,66%"
"10.05.2021","150,50","153,50","150,50","150,50","","0,67%"
"07.05.2021","149,50","152,50","149,50","149,50","","0,00%"
"06.05.2021","149,50","151,50","149,50","149,50","","0,34%"
"05.05.2021","149,00","154,00","149,00","149,00","","-1,97%"
"04.05.2021","152,00","154,00","152,00","152,00","","0,66%"
"03.05.2021","151,00","154,00","151,00","151,00","","2,03%"
"30.04.2021","148,00","155,00","148,00","148,00","","-2,63%"
"29.04.2021","152,00","155,00","152,00","152,00","","-5,00%"
"28.04.2021","160,00","155,00","160,00","160,00","","0,63%"
"27.04.2021","159,00","155,00","159,00","159,00","","1,92%"
"26.04.2021","156,00","155,00","156,00","156,00","","4,00%"
"23.04.2021","150,00","145,00","150,00","150,00","","3,09%"
"22.04.2021","145,50","144,50","145,50","145,50","","2,11%"
"21.04.2021","142,50","144,50","142,50","142,50","","0,71%"
"20.04.2021","141,50","144,50","141,50","141,50","","0,00%"
"19.04.2021","141,50","144,50","141,50","141,50","","0,71%"
"16.04.2021","140,50","144,50","140,50","140,50","","-0,71%"
"15.04.2021","141,50","144,50","141,50","141,50","","0,00%"
"14.04.2021","141,50","144,50","141,50","141,50","","0,71%"
"13.04.2021","140,50","144,50","140,50","140,50","","0,00%"
"12.04.2021","140,50","142,50","140,50","140,50","","1,44%"
"09.04.2021","138,50","141,50","138,50","138,50","","0,00%"
"08.04.2021","138,50","141,50","138,50","138,50","","0,73%"
"07.04.2021","137,50","141,50","137,50","137,50","","-0,72%"
"06.04.2021","138,50","141,50","138,50","138,50","","0,00%"
"05.04.2021","138,50","142,50","138,50","138,50","","-0,72%"
"31.03.2021","139,50","144,50","139,50","139,50","","0,00%"
"30.03.2021","139,50","144,50","139,50","139,50","","-0,71%"
"29.03.2021","140,50","144,50","140,50","140,50","","0,00%"
"26.03.2021","140,50","144,50","140,50","140,50","","-0,71%"
"25.03.2021","141,50","144,50","141,50","141,50","","0,00%"
"23.03.2021","141,50","144,50","141,50","141,50","","0,00%"
"22.03.2021","141,50","144,50","141,50","141,50","","-0,70%"
"19.03.2021","142,50","144,50","142,50","142,50","","0,00%"
"18.03.2021","142,50","144,50","142,50","142,50","","0,00%"
"17.03.2021","142,50","144,50","142,50","142,50","","0,00%"
"16.03.2021","142,50","144,50","142,50","142,50","","-1,38%"
"15.03.2021","144,50","144,50","144,50","144,50","","2,85%"
"12.03.2021","140,50","144,50","140,50","140,50","","1,44%"
"11.03.2021","138,50","144,50","138,50","138,50","","-2,12%"
"10.03.2021","141,50","144,50","141,50","141,50","","-0,70%"
"09.03.2021","142,50","145,50","142,50","142,50","","0,00%"
"08.03.2021","142,50","145,50","142,50","142,50","","0,00%"
"05.03.2021","142,50","145,50","142,50","142,50","","0,00%"
"04.03.2021","142,50","145,50","142,50","142,50","","-0,70%"
"03.03.2021","143,50","146,50","143,50","143,50","","0,00%"
"02.03.2021","143,50","148,50","143,50","143,50","","-1,37%"
"01.03.2021","145,50","148,50","145,50","145,50","","0,69%"
"26.02.2021","144,50","145,50","144,50","144,50","","2,12%"
"25.02.2021","141,50","145,50","141,50","141,50","","-1,39%"
"24.02.2021","143,50","148,50","143,50","143,50","","-0,69%"
"23.02.2021","144,50","148,50","144,50","144,50","","-0,69%"
"22.02.2021","145,50","148,50","145,50","145,50","","0,00%"
"19.02.2021","145,50","149,50","145,50","145,50","","-0,68%"
"18.02.2021","146,50","150,50","146,50","146,50","","-0,68%"
"17.02.2021","147,50","150,50","147,50","147,50","","-0,67%"
"12.02.2021","148,50","150,50","148,50","148,50","","0,68%"
"11.02.2021","147,50","151,50","147,50","147,50","","-1,34%"
"10.02.2021","149,50","152,50","149,50","149,50","","-0,66%"
"09.02.2021","150,50","153,50","150,50","150,50","","0,67%"
"08.02.2021","149,50","152,50","149,50","149,50","","0,00%"
"05.02.2021","149,50","152,50","149,50","149,50","","0,67%"
"04.02.2021","148,50","152,50","148,50","148,50","","-1,98%"
"03.02.2021","151,50","154,50","151,50","151,50","","0,00%"
"02.02.2021","151,50","154,50","151,50","151,50","","0,00%"
"01.02.2021","151,50","155,50","151,50","151,50","","0,00%"
"29.01.2021","151,50","155,50","151,50","151,50","","-1,30%"
"28.01.2021","153,50","155,50","153,50","153,50","","0,66%"
"27.01.2021","152,50","155,50","152,50","152,50","","-1,29%"
"26.01.2021","154,50","160,50","154,50","154,50","","0,00%"
"25.01.2021","154,50","160,50","154,50","154,50","","0,00%"
"22.01.2021","154,50","160,50","154,50","154,50","","0,00%"
"21.01.2021","154,50","160,50","154,50","154,50","","0,32%"
"20.01.2021","154,00","161,00","154,00","154,00","","-0,65%"
"19.01.2021","155,00","161,00","155,00","155,00","","-1,27%"
"18.01.2021","157,00","161,00","157,00","157,00","","0,00%"
"15.01.2021","157,00","161,00","157,00","157,00","","0,00%"
"14.01.2021","157,00","161,00","157,00","157,00","","-0,63%"
"13.01.2021","158,00","161,00","158,00","158,00","","0,64%"
"12.01.2021","157,00","161,00","157,00","157,00","","0,00%"
"11.01.2021","157,00","163,00","157,00","157,00","","-1,26%"
"08.01.2021","159,00","163,00","159,00","159,00","","-0,63%"
"07.01.2021","160,00","163,00","160,00","160,00","","1,27%"
"06.01.2021","158,00","162,00","158,00","158,00","","0,00%"
"05.01.2021","158,00","165,00","158,00","158,00","","-3,07%"
"04.01.2021","163,00","171,00","163,00","163,00","","-0,61%"
"30.12.2020","164,00","168,00","164,00","164,00","","0,92%"
"29.12.2020","162,50","168,50","162,50","162,50","","0,62%"
"28.12.2020","161,50","163,50","161,50","161,50","","3,19%"
"23.12.2020","156,50","156,50","156,50","156,50","","4,68%"
"22.12.2020","149,50","153,50","149,50","149,50","","1,36%"
"21.12.2020","147,50","152,50","147,50","147,50","","0,00%"
"18.12.2020","147,50","150,50","147,50","147,50","","0,34%"
"17.12.2020","147,00","153,00","147,00","147,00","","-0,68%"
"16.12.2020","148,00","152,00","148,00","148,00","","-0,67%"
"15.12.2020","149,00","153,00","149,00","149,00","","0,00%"
"14.12.2020","149,00","153,00","149,00","149,00","","2,05%"
"11.12.2020","146,00","149,00","146,00","146,00","","1,39%"
"10.12.2020","144,00","151,00","144,00","144,00","","-2,04%"
"09.12.2020","147,00","153,00","147,00","147,00","","-0,68%"
"04.12.2020","148,00","153,00","148,00","148,00","","-0,67%"
"03.12.2020","149,00","156,00","149,00","149,00","","-1,32%"
"02.12.2020","151,00","156,00","151,00","151,00","","0,00%"
"01.12.2020","151,00","157,00","151,00","151,00","","-1,31%"
"30.11.2020","153,00","160,00","153,00","153,00","","-0,65%"
"27.11.2020","154,00","157,00","154,00","154,00","","-0,65%"
"26.11.2020","155,00","160,00","155,00","155,00","","-0,64%"
"25.11.2020","156,00","165,00","156,00","156,00","","-1,27%"
"24.11.2020","158,00","165,00","158,00","158,00","","-0,63%"
"20.11.2020","159,00","165,00","159,00","159,00","","-0,93%"
"19.11.2020","160,50","165,50","160,50","160,50","","-0,62%"
"18.11.2020","161,50","165,50","161,50","161,50","","0,62%"
"17.11.2020","160,50","164,50","160,50","160,50","","0,63%"
"16.11.2020","159,50","175,50","159,50","159,50","","-6,18%"
"13.11.2020","170,00","176,00","170,00","170,00","","3,03%"
"12.11.2020","165,00","166,00","165,00","165,00","","3,13%"
"11.11.2020","160,00","157,00","160,00","160,00","","8,84%"
"10.11.2020","147,00","147,00","147,00","147,00","","-1,34%"
"09.11.2020","149,00","149,00","149,00","149,00","","-3,87%"
"06.11.2020","155,00","155,00","155,00","155,00","","0,00%"
"05.11.2020","155,00","155,00","155,00","155,00","","-2,52%"
"04.11.2020","159,00","159,00","159,00","159,00","","-2,45%"
"03.11.2020","163,00","163,00","163,00","163,00","","-1,81%"
"02.11.2020","166,00","166,00","166,00","166,00","","-0,60%"
"30.10.2020","167,00","167,00","167,00","167,00","","-3,47%"
"29.10.2020","173,00","173,00","173,00","173,00","","-1,70%"
"28.10.2020","176,00","176,00","176,00","176,00","","-1,68%"
"27.10.2020","179,00","179,00","179,00","179,00","","-4,79%"
"26.10.2020","188,00","188,00","188,00","188,00","","-2,59%"
"23.10.2020","193,00","193,00","193,00","193,00","","2,66%"
"22.10.2020","188,00","188,00","188,00","188,00","","3,87%"
"21.10.2020","181,00","181,00","181,00","181,00","","1,69%"
"20.10.2020","178,00","178,00","178,00","178,00","","-0,56%"
"19.10.2020","179,00","179,00","179,00","179,00","","1,70%"
"16.10.2020","176,00","176,00","176,00","176,00","","4,14%"
"15.10.2020","169,00","169,00","169,00","169,00","","2,42%"
"14.10.2020","165,00","165,00","165,00","165,00","","0,61%"
"13.10.2020","164,00","164,00","164,00","164,00","","-0,61%"
"09.10.2020","165,00","164,00","165,00","165,00","","5,77%"
"08.10.2020","156,00","155,00","156,00","156,00","","1,96%"
"07.10.2020","153,00","155,00","153,00","153,00","","2,00%"
"06.10.2020","150,00","152,00","150,00","150,00","","1,35%"
"05.10.2020","148,00","152,00","148,00","148,00","","0,00%"
"02.10.2020","148,00","151,00","148,00","148,00","","2,07%"
"01.10.2020","145,00","146,00","145,00","145,00","","0,00%"
"30.09.2020","145,00","146,00","145,00","145,00","","0,69%"
"29.09.2020","144,00","146,00","144,00","144,00","","1,41%"
"28.09.2020","142,00","146,00","142,00","142,00","","-0,70%"
"25.09.2020","143,00","145,00","143,00","143,00","","-1,04%"
"24.09.2020","144,50","145,50","144,50","144,50","","1,05%"
"23.09.2020","143,00","145,00","143,00","143,00","","0,00%"
"22.09.2020","143,00","143,00","143,00","143,00","","2,88%"
"21.09.2020","139,00","142,00","139,00","139,00","","1,46%"
"18.09.2020","137,00","142,00","137,00","137,00","","-0,72%"
"17.09.2020","138,00","142,00","138,00","138,00","","-1,43%"
"16.09.2020","140,00","147,00","140,00","140,00","","8,11%"
"15.09.2020","129,50","133,50","129,50","129,50","","-0,77%"
"14.09.2020","130,50","133,50","130,50","130,50","","0,77%"
"11.09.2020","129,50","132,50","129,50","129,50","","0,00%"
"10.09.2020","129,50","132,50","129,50","129,50","","0,00%"
"09.09.2020","129,50","132,50","129,50","129,50","","-0,77%"
"08.09.2020","130,50","132,50","130,50","130,50","","0,77%"
"07.09.2020","129,50","133,50","129,50","129,50","","-0,77%"
"04.09.2020","130,50","134,50","130,50","130,50","","-1,51%"
"03.09.2020","132,50","132,50","132,50","132,50","","0,76%"
"02.09.2020","131,50","135,50","131,50","131,50","","0,00%"
"01.09.2020","131,50","135,50","131,50","131,50","","-1,50%"
"31.08.2020","133,50","137,50","133,50","133,50","","-0,74%"
"28.08.2020","134,50","138,50","134,50","134,50","","-1,47%"
"27.08.2020","136,50","139,50","136,50","136,50","","0,74%"
"26.08.2020","135,50","137,50","135,50","135,50","","0,00%"
"25.08.2020","135,50","137,50","135,50","135,50","","0,00%"
"24.08.2020","135,50","137,50","135,50","135,50","","-0,73%"
"21.08.2020","136,50","137,50","136,50","136,50","","1,49%"
"20.08.2020","134,50","136,50","134,50","134,50","","1,51%"
"19.08.2020","132,50","134,50","132,50","132,50","","1,53%"
"18.08.2020","130,50","132,50","130,50","130,50","","0,00%"
"14.08.2020","130,50","132,50","130,50","130,50","","-0,76%"
"13.08.2020","131,50","134,50","131,50","131,50","","0,77%"
"12.08.2020","130,50","133,50","130,50","130,50","","1,16%"
"11.08.2020","129,00","134,00","129,00","129,00","","0,00%"
"10.08.2020","129,00","134,00","129,00","129,00","","-1,53%"
"07.08.2020","131,00","131,00","131,00","131,00","","0,77%"
"06.08.2020","130,00","131,00","130,00","130,00","","1,56%"
"05.08.2020","128,00","131,00","128,00","128,00","","1,59%"
"04.08.2020","126,00","130,00","126,00","126,00","","-5,97%"
"03.08.2020","134,00","138,00","134,00","134,00","","0,00%"
"31.07.2020","134,00","138,00","134,00","134,00","","0,00%"
"30.07.2020","134,00","136,00","134,00","134,00","","0,75%"
"29.07.2020","133,00","136,00","133,00","133,00","","0,00%"
"28.07.2020","133,00","136,00","133,00","133,00","","-0,75%"
"27.07.2020","134,00","140,00","134,00","134,00","","-2,19%"
"24.07.2020","137,00","138,00","137,00","137,00","","2,24%"
"23.07.2020","134,00","134,00","134,00","134,00","","2,29%"
"22.07.2020","131,00","134,00","131,00","131,00","","0,77%"
"21.07.2020","130,00","128,00","130,00","130,00","","1,56%"
"20.07.2020","128,00","128,00","128,00","128,00","","0,00%"
"17.07.2020","128,00","128,00","128,00","128,00","","0,00%"
"16.07.2020","128,00","128,00","128,00","128,00","","2,40%"
"15.07.2020","125,00","128,00","125,00","125,00","","0,00%"
"14.07.2020","125,00","128,00","125,00","125,00","","0,00%"
"13.07.2020","125,00","128,00","125,00","125,00","","0,00%"
"08.07.2020","125,00","128,00","125,00","125,00","","0,00%"
"07.07.2020","125,00","131,00","125,00","125,00","","0,00%"
"06.07.2020","125,00","131,00","125,00","125,00","","0,00%"
"03.07.2020","125,00","131,00","125,00","125,00","","-1,57%"
"02.07.2020","127,00","131,00","127,00","127,00","","0,79%"
"01.07.2020","126,00","131,00","126,00","126,00","","1,61%"
"30.06.2020","124,00","131,00","124,00","124,00","","-2,36%"
"29.06.2020","127,00","131,00","127,00","127,00","","0,00%"
"26.06.2020","127,00","130,00","127,00","127,00","","0,79%"
"25.06.2020","126,00","130,00","126,00","126,00","","0,00%"
"24.06.2020","126,00","130,00","126,00","126,00","","0,80%"
"23.06.2020","125,00","129,00","125,00","125,00","","0,00%"
"22.06.2020","125,00","129,00","125,00","125,00","","-0,79%"
"19.06.2020","126,00","129,00","126,00","126,00","","0,80%"
"18.06.2020","125,00","129,00","125,00","125,00","","2,46%"
"17.06.2020","122,00","128,00","122,00","122,00","","-0,81%"
"16.06.2020","123,00","128,00","123,00","123,00","","-0,81%"
"12.06.2020","124,00","125,00","124,00","124,00","","1,64%"
"11.06.2020","122,00","125,00","122,00","122,00","","0,00%"
"10.06.2020","122,00","126,00","122,00","122,00","","0,00%"
"09.06.2020","122,00","128,00","122,00","122,00","","-0,81%"
"08.06.2020","123,00","126,00","123,00","123,00","","0,00%"
"05.06.2020","123,00","126,00","123,00","123,00","","1,65%"
"04.06.2020","121,00","125,00","121,00","121,00","","0,00%"
"03.06.2020","121,00","127,00","121,00","121,00","","-0,82%"
"02.06.2020","122,00","127,00","122,00","122,00","","-1,61%"
"01.06.2020","124,00","127,00","124,00","124,00","","0,81%"
"29.05.2020","123,00","127,00","123,00","123,00","","1,65%"
"28.05.2020","121,00","129,00","121,00","121,00","","-3,20%"
"27.05.2020","125,00","129,00","125,00","125,00","","-1,57%"
"26.05.2020","127,00","130,00","127,00","127,00","","2,42%"
"22.05.2020","124,00","129,00","124,00","124,00","","0,81%"
"21.05.2020","123,00","127,00","123,00","123,00","","0,82%"
"20.05.2020","122,00","124,00","122,00","122,00","","0,00%"
"19.05.2020","122,00","125,00","122,00","122,00","","-3,17%"
"18.05.2020","126,00","135,00","126,00","126,00","","-7,35%"
"15.05.2020","136,00","135,00","136,00","136,00","","0,00%"
"14.05.2020","136,00","135,00","136,00","136,00","","3,82%"
"13.05.2020","131,00","129,00","131,00","131,00","","4,80%"
"12.05.2020","125,00","127,00","125,00","125,00","","1,63%"
"11.05.2020","123,00","126,00","123,00","123,00","","2,50%"
"08.05.2020","120,00","124,00","120,00","120,00","","0,42%"
"07.05.2020","119,50","124,50","119,50","119,50","","0,00%"
"06.05.2020","119,50","123,50","119,50","119,50","","1,70%"
"05.05.2020","117,50","122,50","117,50","117,50","","0,00%"
"04.05.2020","117,50","122,50","117,50","117,50","","2,62%"
"30.04.2020","114,50","119,50","114,50","114,50","","0,00%"
"29.04.2020","114,50","120,50","114,50","114,50","","-2,55%"
"28.04.2020","117,50","122,50","117,50","117,50","","1,73%"
"27.04.2020","115,50","115,50","115,50","115,50","","0,87%"
"24.04.2020","114,50","115,50","114,50","114,50","","-0,87%"
"23.04.2020","115,50","122,50","115,50","115,50","","7,44%"
"22.04.2020","107,50","110,50","107,50","107,50","","2,87%"
"21.04.2020","104,50","107,50","104,50","104,50","","3,98%"
"20.04.2020","100,50","105,50","100,50","100,50","","0,00%"
"17.04.2020","100,50","107,50","100,50","100,50","","3,08%"
"16.04.2020","97,50","83,25","97,50","97,50","","16,77%"
"15.04.2020","83,50","81,25","83,50","83,50","","0,00%"
"14.04.2020","83,50","81,25","83,50","83,50","","0,00%"
"13.04.2020","83,50","81,25","83,50","83,50","","0,00%"
"08.04.2020","83,50","81,25","83,50","83,50","","0,00%"
"07.04.2020","83,50","81,25","83,50","83,50","","0,00%"
"06.04.2020","83,50","81,25","83,50","83,50","","0,00%"
"03.04.2020","83,50","81,25","83,50","83,50","","0,00%"
"02.04.2020","83,50","81,25","83,50","83,50","","0,00%"
"01.04.2020","83,50","81,25","83,50","83,50","","0,00%"
"30.03.2020","83,50","81,25","83,50","83,50","","0,00%"
"27.03.2020","83,50","81,25","83,50","83,50","","0,00%"
"26.03.2020","83,50","81,25","83,50","83,50","","0,00%"
"25.03.2020","83,50","81,25","83,50","83,50","","0,00%"
"20.03.2020","83,50","81,25","83,50","83,50","","0,00%"
"19.03.2020","83,50","81,25","83,50","83,50","","-4,84%"
"18.03.2020","87,75","81,25","87,75","87,75","","3,85%"
"17.03.2020","84,50","81,25","84,50","84,50","","1,20%"
"16.03.2020","83,50","81,25","83,50","83,50","","0,30%"
"13.03.2020","83,25","81,25","83,25","83,25","","0,91%"
"12.03.2020","82,50","81,25","82,50","82,50","","3,77%"
"11.03.2020","79,50","79,75","79,50","79,50","","0,95%"
"10.03.2020","78,75","79,75","78,75","78,75","","0,32%"
"09.03.2020","78,50","78,00","78,50","78,50","","1,95%"
"06.03.2020","77,00","78,00","77,00","77,00","","0,33%"
"05.03.2020","76,75","78,00","76,75","76,75","","-0,65%"
"04.03.2020","77,25","78,25","77,25","77,25","","0,32%"
"03.03.2020","77,00","78,25","77,00","77,00","","-0,32%"
"02.03.2020","77,25","78,25","77,25","77,25","","0,00%"
"28.02.2020","77,25","78,75","77,25","77,25","","0,00%"
"27.02.2020","77,25","78,75","77,25","77,25","","-0,64%"
"26.02.2020","77,75","78,75","77,75","77,75","","0,32%"
"21.02.2020","77,50","78,50","77,50","77,50","","-0,64%"
"20.02.2020","78,00","78,50","78,00","78,00","","0,65%"
"19.02.2020","77,50","78,75","77,50","77,50","","0,00%"
"18.02.2020","77,50","77,75","77,50","77,50","","1,31%"
"17.02.2020","76,50","77,75","76,50","76,50","","-0,33%"
"14.02.2020","76,75","78,50","76,75","76,75","","-1,92%"
"13.02.2020","78,25","78,50","78,25","78,25","","1,62%"
"12.02.2020","77,00","77,75","77,00","77,00","","0,98%"
"11.02.2020","76,25","76,75","76,25","76,25","","0,99%"
"10.02.2020","75,50","76,75","75,50","75,50","","-0,33%"
"07.02.2020","75,75","77,00","75,75","75,75","","0,00%"
"06.02.2020","75,75","77,00","75,75","75,75","","-0,82%"
"05.02.2020","76,38","77,12","76,38","76,38","","0,00%"
"04.02.2020","76,38","77,12","76,38","76,38","","-0,16%"
"03.02.2020","76,50","78,00","76,50","76,50","","0,00%"
"31.01.2020","76,50","78,00","76,50","76,50","","0,00%"
"30.01.2020","76,50","78,25","76,50","76,50","","-0,97%"
"29.01.2020","77,25","78,25","77,25","77,25","","0,17%"
"28.01.2020","77,12","77,88","77,12","77,12","","0,00%"
"27.01.2020","77,12","76,88","77,12","77,12","","-0,81%"
"24.01.2020","77,75","77,00","77,75","77,75","","1,97%"
"23.01.2020","76,25","77,00","76,25","76,25","","0,00%"
"22.01.2020","76,25","77,00","76,25","76,25","","0,33%"
"21.01.2020","76,00","77,50","76,00","76,00","","-0,98%"
"20.01.2020","76,75","77,50","76,75","76,75","","0,00%"
"17.01.2020","76,75","76,75","76,75","76,75","","0,99%"
"16.01.2020","76,00","77,75","76,00","76,00","","-0,98%"
"15.01.2020","76,75","76,50","76,75","76,75","","0,66%"
"14.01.2020","76,25","76,50","76,25","76,25","","1,33%"
"13.01.2020","75,25","75,75","75,25","75,25","","0,67%"
"10.01.2020","74,75","76,00","74,75","74,75","","-0,33%"
"09.01.2020","75,00","76,00","75,00","75,00","","0,00%"
"08.01.2020","75,00","75,75","75,00","75,00","","0,00%"
"07.01.2020","75,00","75,75","75,00","75,00","","0,33%"
"06.01.2020","74,75","77,25","74,75","74,75","","-0,99%"
"03.01.2020","75,50","76,00","75,50","75,50","","1,00%"
"02.01.2020","74,75","77,25","74,75","74,75","","-2,61%"
"30.12.2019","76,75","78,25","76,75","76,75","","0,99%"
"27.12.2019","76,00","78,25","76,00","76,00","","-1,94%"
"26.12.2019","77,50","79,25","77,50","77,50","","1,64%"
"23.12.2019","76,25","77,00","76,25","76,25","","4,81%"
"20.12.2019","72,75","77,00","72,75","72,75","","-2,02%"
"19.12.2019","74,25","77,00","74,25","74,25","","-0,67%"
"18.12.2019","74,75","74,50","74,75","74,75","","3,46%"
"17.12.2019","72,25","72,50","72,25","72,25","","0,35%"
"16.12.2019","72,00","73,00","72,00","72,00","","8,68%"
"13.12.2019","66,25","66,50","66,25","66,25","","0,38%"
"12.12.2019","66,00","68,25","66,00","66,00","","-2,94%"
"11.12.2019","68,00","69,25","68,00","68,00","","-1,45%"
"10.12.2019","69,00","71,50","69,00","69,00","","-0,36%"
"09.12.2019","69,25","71,50","69,25","69,25","","-1,77%"
"06.12.2019","70,50","70,00","70,50","70,50","","1,44%"
"05.12.2019","69,50","70,00","69,50","69,50","","1,46%"
"04.12.2019","68,50","69,00","68,50","68,50","","0,74%"
"03.12.2019","68,00","68,50","68,00","68,00","","0,37%"
"02.12.2019","67,75","68,75","67,75","67,75","","-1,45%"
"29.11.2019","68,75","69,75","68,75","68,75","","-0,72%"
"28.11.2019","69,25","69,75","69,25","69,25","","0,73%"
"27.11.2019","68,75","68,50","68,75","68,75","","1,48%"
"26.11.2019","67,75","68,50","67,75","67,75","","0,37%"
"25.11.2019","67,50","68,25","67,50","67,50","","-1,10%"
"22.11.2019","68,25","66,75","68,25","68,25","","2,63%"
"21.11.2019","66,50","66,75","66,50","66,50","","0,38%"
"20.11.2019","66,25","67,00","66,25","66,25","","0,38%"
"19.11.2019","66,00","67,00","66,00","66,00","","-0,38%"
"15.11.2019","66,25","67,25","66,25","66,25","","0,00%"
"14.11.2019","66,25","67,50","66,25","66,25","","0,00%"
"13.11.2019","66,25","65,00","66,25","66,25","","1,92%"
"12.11.2019","65,00","65,00","65,00","65,00","","1,56%"
"11.11.2019","64,00","65,25","64,00","64,00","","-1,16%"
"08.11.2019","64,75","65,00","64,75","64,75","","2,78%"
"07.11.2019","63,00","65,00","63,00","63,00","","-1,56%"
"06.11.2019","64,00","66,00","64,00","64,00","","0,00%"
"05.11.2019","64,00","66,00","64,00","64,00","","-1,54%"
"04.11.2019","65,00","67,00","65,00","65,00","","-2,26%"
"01.11.2019","66,50","68,00","66,50","66,50","","-2,21%"
"31.10.2019","68,00","68,00","68,00","68,00","","3,03%"
"30.10.2019","66,00","67,50","66,00","66,00","","0,00%"
"29.10.2019","66,00","69,00","66,00","66,00","","-9,59%"
"28.10.2019","73,00","77,00","73,00","73,00","","-2,67%"
"25.10.2019","75,00","71,00","75,00","75,00","","7,91%"
"24.10.2019","69,50","71,00","69,50","69,50","","0,00%"
"23.10.2019","69,50","69,25","69,50","69,50","","3,73%"
"22.10.2019","67,00","66,50","67,00","67,00","","1,52%"
"21.10.2019","66,00","66,50","66,00","66,00","","1,54%"
"18.10.2019","65,00","62,25","65,00","65,00","","-3,35%"
"17.10.2019","67,25","62,25","67,25","67,25","","4,67%"
"16.10.2019","64,25","62,25","64,25","64,25","","1,58%"
"15.10.2019","63,25","62,25","63,25","63,25","","0,00%"
"11.10.2019","63,25","62,25","63,25","63,25","","0,80%"
"10.10.2019","62,75","62,25","62,75","62,75","","2,03%"
"09.10.2019","61,50","61,75","61,50","61,50","","1,23%"
"08.10.2019","60,75","61,50","60,75","60,75","","-0,41%"
"07.10.2019","61,00","61,00","61,00","61,00","","0,00%"
"04.10.2019","61,00","61,00","61,00","61,00","","1,24%"
"03.10.2019","60,25","62,50","60,25","60,25","","-0,41%"
"02.10.2019","60,50","62,50","60,50","60,50","","0,00%"
"01.10.2019","60,50","62,50","60,50","60,50","","-0,82%"
"30.09.2019","61,00","62,50","61,00","61,00","","-0,41%"
"27.09.2019","61,25","62,50","61,25","61,25","","-0,41%"
"26.09.2019","61,50","62,50","61,50","61,50","","0,00%"
"25.09.2019","61,50","62,50","61,50","61,50","","0,00%"
"24.09.2019","61,50","62,50","61,50","61,50","","-0,81%"
"23.09.2019","62,00","63,00","62,00","62,00","","-0,80%"
"20.09.2019","62,50","62,75","62,50","62,50","","-0,40%"
"19.09.2019","62,75","63,00","62,75","62,75","","0,40%"
"18.09.2019","62,50","62,75","62,50","62,50","","1,21%"
"17.09.2019","61,75","62,00","61,75","61,75","","0,82%"
"16.09.2019","61,25","62,00","61,25","61,25","","0,00%"
"13.09.2019","61,25","60,00","61,25","61,25","","2,51%"
"12.09.2019","59,75","60,00","59,75","59,75","","1,70%"
"11.09.2019","58,75","58,75","58,75","58,75","","0,43%"
"10.09.2019","58,50","59,25","58,50","58,50","","-0,43%"
"09.09.2019","58,75","58,75","58,75","58,75","","0,00%"
"06.09.2019","58,75","59,25","58,75","58,75","","0,00%"
"05.09.2019","58,75","59,25","58,75","58,75","","0,00%"
"04.09.2019","58,75","59,75","58,75","58,75","","-2,89%"
"03.09.2019","60,50","62,00","60,50","60,50","","-4,35%"
"02.09.2019","63,25","64,25","63,25","63,25","","1,20%"
"30.08.2019","62,50","61,50","62,50","62,50","","3,73%"
"29.08.2019","60,25","60,50","60,25","60,25","","1,26%"
"28.08.2019","59,50","60,50","59,50","59,50","","1,71%"
"27.08.2019","58,50","58,25","58,50","58,50","","2,18%"
"26.08.2019","57,25","57,75","57,25","57,25","","0,44%"
"23.08.2019","57,00","58,00","57,00","57,00","","0,00%"
"22.08.2019","57,00","58,00","57,00","57,00","","-0,87%"
"21.08.2019","57,50","58,50","57,50","57,50","","0,00%"
"20.08.2019","57,50","58,50","57,50","57,50","","0,00%"
"16.08.2019","57,50","57,50","57,50","57,50","","0,00%"
"15.08.2019","57,50","58,50","57,50","57,50","","-1,71%"
"14.08.2019","58,50","59,00","58,50","58,50","","7,34%"
"13.08.2019","54,50","57,00","54,50","54,50","","0,00%"
"12.08.2019","54,50","61,50","54,50","54,50","","16,45%"
"09.08.2019","46,80","46,30","46,80","46,80","","1,19%"
"08.08.2019","46,25","46,30","46,25","46,25","","0,65%"
"07.08.2019","45,95","46,15","45,95","45,95","","0,55%"
"06.08.2019","45,70","46,15","45,70","45,70","","-0,87%"
"05.08.2019","46,10","45,55","46,10","46,10","","1,21%"
"02.08.2019","45,55","45,55","45,55","45,55","","1,00%"
"01.08.2019","45,10","45,55","45,10","45,10","","0,33%"
"31.07.2019","44,95","45,10","44,95","44,95","","-0,22%"
"30.07.2019","45,05","45,20","45,05","45,05","","0,00%"
"29.07.2019","45,05","45,25","45,05","45,05","","0,45%"
"26.07.2019","44,85","44,95","44,85","44,85","","0,00%"
"25.07.2019","44,85","45,05","44,85","44,85","","0,79%"
"24.07.2019","44,50","44,20","44,50","44,50","","0,79%"
"23.07.2019","44,15","44,20","44,15","44,15","","0,46%"
"22.07.2019","43,95","44,10","43,95","43,95","","0,23%"
"19.07.2019","43,85","44,00","43,85","43,85","","0,00%"
"18.07.2019","43,85","44,00","43,85","43,85","","-0,57%"
"17.07.2019","44,10","44,55","44,10","44,10","","-0,56%"
"16.07.2019","44,35","44,20","44,35","44,35","","1,60%"
"15.07.2019","43,65","43,25","43,65","43,65","","1,39%"
"12.07.2019","43,05","43,00","43,05","43,05","","0,94%"
"11.07.2019","42,65","43,00","42,65","42,65","","0,47%"
"10.07.2019","42,45","42,50","42,45","42,45","","0,12%"
"05.07.2019","42,40","42,65","42,40","42,40","","0,24%"
"04.07.2019","42,30","42,90","42,30","42,30","","-1,51%"
"03.07.2019","42,95","43,25","42,95","42,95","","-1,04%"
"02.07.2019","43,40","43,70","43,40","43,40","","0,12%"
"01.07.2019","43,35","43,50","43,35","43,35","","-0,80%"
"28.06.2019","43,70","44,30","43,70","43,70","","-0,91%"
"27.06.2019","44,10","44,30","44,10","44,10","","0,00%"
"26.06.2019","44,10","44,30","44,10","44,10","","0,23%"
"25.06.2019","44,00","44,30","44,00","44,00","","-0,56%"
"24.06.2019","44,25","44,50","44,25","44,25","","-0,34%"
"21.06.2019","44,40","45,10","44,40","44,40","","-0,45%"
"19.06.2019","44,60","45,10","44,60","44,60","","-1,00%"
"18.06.2019","45,05","44,95","45,05","45,05","","-0,11%"
"14.06.2019","45,10","44,95","45,10","45,10","","-0,22%"
"13.06.2019","45,20","44,95","45,20","45,20","","0,78%"
"12.06.2019","44,85","45,40","44,85","44,85","","-0,66%"
"11.06.2019","45,15","45,40","45,15","45,15","","0,00%"
"10.06.2019","45,15","45,20","45,15","45,15","","0,67%"
"07.06.2019","44,85","45,55","44,85","44,85","","-0,22%"
"06.06.2019","44,95","45,55","44,95","44,95","","-0,66%"
"05.06.2019","45,25","45,75","45,25","45,25","","-0,55%"
"04.06.2019","45,50","45,75","45,50","45,50","","-0,33%"
"03.06.2019","45,65","46,30","45,65","45,65","","-0,44%"
"31.05.2019","45,85","46,30","45,85","45,85","","0,11%"
"30.05.2019","45,80","46,30","45,80","45,80","","-0,65%"
"29.05.2019","46,10","46,25","46,10","46,10","","0,00%"
"28.05.2019","46,10","46,25","46,10","46,10","","0,11%"
"27.05.2019","46,05","46,25","46,05","46,05","","0,00%"
"24.05.2019","46,05","46,30","46,05","46,05","","-0,11%"
"23.05.2019","46,10","46,30","46,10","46,10","","0,22%"
"22.05.2019","46,00","46,25","46,00","46,00","","-0,33%"
"21.05.2019","46,15","46,25","46,15","46,15","","-0,22%"
"20.05.2019","46,25","46,50","46,25","46,25","","0,54%"
"17.05.2019","46,00","46,20","46,00","46,00","","0,22%"
"16.05.2019","45,90","46,15","45,90","45,90","","-0,11%"
"15.05.2019","45,95","45,75","45,95","45,95","","0,33%"
"14.05.2019","45,80","45,75","45,80","45,80","","0,00%"
"13.05.2019","45,80","46,00","45,80","45,80","","0,44%"
"10.05.2019","45,60","45,80","45,60","45,60","","0,33%"
"09.05.2019","45,45","45,80","45,45","45,45","","0,22%"
"08.05.2019","45,35","45,80","45,35","45,35","","-0,87%"
"07.05.2019","45,75","46,00","45,75","45,75","","0,11%"
"06.05.2019","45,70","45,90","45,70","45,70","","1,22%"
"03.05.2019","45,15","46,10","45,15","45,15","","-0,51%"
"02.05.2019","45,38","46,12","45,38","45,38","","0,29%"
"30.04.2019","45,25","45,25","45,25","45,25","","-0,29%"
"29.04.2019","45,38","45,12","45,38","45,38","","-0,53%"
"26.04.2019","45,62","44,62","45,62","45,62","","1,11%"
"25.04.2019","45,12","46,62","45,12","45,12","","1,85%"
"24.04.2019","44,30","44,20","44,30","44,30","","1,49%"
"23.04.2019","43,65","43,75","43,65","43,65","","-0,68%"
"22.04.2019","43,95","43,80","43,95","43,95","","1,74%"
"17.04.2019","43,20","42,10","43,20","43,20","","0,00%"
"16.04.2019","43,20","42,10","43,20","43,20","","0,82%"
"15.04.2019","42,85","42,10","42,85","42,85","","-1,15%"
"12.04.2019","43,35","42,10","43,35","43,35","","-0,57%"
"11.04.2019","43,60","42,10","43,60","43,60","","0,00%"
"10.04.2019","43,60","42,10","43,60","43,60","","-0,34%"
"09.04.2019","43,75","42,10","43,75","43,75","","0,34%"
"08.04.2019","43,60","42,10","43,60","43,60","","0,81%"
"05.04.2019","43,25","42,10","43,25","43,25","","0,12%"
"04.04.2019","43,20","42,10","43,20","43,20","","0,35%"
"03.04.2019","43,05","42,10","43,05","43,05","","-0,12%"
"01.04.2019","43,10","42,10","43,10","43,10","","-0,12%"
"29.03.2019","43,15","42,10","43,15","43,15","","0,70%"
"28.03.2019","42,85","42,10","42,85","42,85","","-0,81%"
"27.03.2019","43,20","42,10","43,20","43,20","","1,77%"
"26.03.2019","42,45","42,10","42,45","42,45","","1,56%"
"25.03.2019","41,80","42,10","41,80","41,80","","0,43%"
"22.03.2019","41,62","42,12","41,62","41,62","","0,58%"
"21.03.2019","41,38","41,88","41,38","41,38","","0,63%"
"20.03.2019","41,12","41,88","41,12","41,12","","0,00%"
"19.03.2019","41,12","41,12","41,12","41,12","","0,59%"
"18.03.2019","40,88","40,62","40,88","40,88","","0,64%"
"15.03.2019","40,62","41,38","40,62","40,62","","-0,64%"
"14.03.2019","40,88","41,38","40,88","40,88","","-1,21%"
"13.03.2019","41,38","41,38","41,38","41,38","","0,63%"
"12.03.2019","41,12","40,38","41,12","41,12","","2,49%"
"11.03.2019","40,12","40,12","40,12","40,12","","0,93%"
"08.03.2019","39,75","40,25","39,75","39,75","","-1,24%"
"07.03.2019","40,25","40,25","40,25","40,25","","2,21%"
"06.03.2019","39,38","40,12","39,38","39,38","","1,29%"
"01.03.2019","38,88","39,12","38,88","38,88","","0,00%"
"28.02.2019","38,88","39,12","38,88","38,88","","0,00%"
"27.02.2019","38,88","39,12","38,88","38,88","","-0,61%"
"26.02.2019","39,12","39,38","39,12","39,12","","0,62%"
"25.02.2019","38,88","38,88","38,88","38,88","","0,00%"
"22.02.2019","38,88","39,62","38,88","38,88","","-0,61%"
"21.02.2019","39,12","39,62","39,12","39,12","","-1,26%"
"20.02.2019","39,62","39,62","39,62","39,62","","1,90%"
"19.02.2019","38,88","38,62","38,88","38,88","","0,67%"
"18.02.2019","38,62","38,62","38,62","38,62","","0,63%"
"15.02.2019","38,38","38,12","38,38","38,38","","0,00%"
"14.02.2019","38,38","38,12","38,38","38,38","","1,32%"
"13.02.2019","37,88","37,88","37,88","37,88","","0,69%"
"12.02.2019","37,62","37,62","37,62","37,62","","0,00%"
"11.02.2019","37,62","37,88","37,62","37,62","","0,64%"
"08.02.2019","37,38","37,62","37,38","37,38","","0,70%"
"07.02.2019","37,12","37,38","37,12","37,12","","0,00%"
"06.02.2019","37,12","37,62","37,12","37,12","","-0,22%"
"05.02.2019","37,20","37,60","37,20","37,20","","-0,48%"
"04.02.2019","37,38","37,62","37,38","37,38","","-0,64%"
"01.02.2019","37,62","37,62","37,62","37,62","","0,64%"
"31.01.2019","37,38","37,88","37,38","37,38","","-1,94%"
"30.01.2019","38,12","38,38","38,12","38,12","","-0,34%"
"29.01.2019","38,25","38,50","38,25","38,25","","0,34%"
"28.01.2019","38,12","38,38","38,12","38,12","","0,00%"
"25.01.2019","38,12","38,62","38,12","38,12","","-0,68%"
"24.01.2019","38,38","38,62","38,38","38,38","","-0,95%"
"23.01.2019","38,75","38,75","38,75","38,75","","0,34%"
"22.01.2019","38,62","38,88","38,62","38,62","","0,00%"
"21.01.2019","38,62","39,12","38,62","38,62","","-0,67%"
"18.01.2019","38,88","39,12","38,88","38,88","","0,00%"
"17.01.2019","38,88","39,12","38,88","38,88","","-0,61%"
"16.01.2019","39,12","39,12","39,12","39,12","","0,00%"
"15.01.2019","39,12","39,12","39,12","39,12","","0,62%"
"14.01.2019","38,88","39,38","38,88","38,88","","-0,31%"
"11.01.2019","39,00","39,50","39,00","39,00","","-0,31%"
"10.01.2019","39,12","39,62","39,12","39,12","","-1,26%"
"09.01.2019","39,62","39,88","39,62","39,62","","1,28%"
"08.01.2019","39,12","39,62","39,12","39,12","","-0,66%"
"07.01.2019","39,38","39,88","39,38","39,38","","-0,93%"
"04.01.2019","39,75","40,25","39,75","39,75","","-0,63%"
"03.01.2019","40,00","40,00","40,00","40,00","","-0,62%"
"02.01.2019","40,25","40,25","40,25","40,25","","-0,32%"
"28.12.2018","40,38","39,62","40,38","40,38","","1,25%"
"27.12.2018","39,88","41,12","39,88","39,88","","-0,92%"
"26.12.2018","40,25","39,50","40,25","40,25","","4,55%"
"21.12.2018","38,50","38,50","38,50","38,50","","1,32%"
"20.12.2018","38,00","38,50","38,00","38,00","","-0,99%"
"19.12.2018","38,38","38,88","38,38","38,38","","-0,95%"
"18.12.2018","38,75","39,00","38,75","38,75","","1,65%"
"17.12.2018","38,12","38,38","38,12","38,12","","0,63%"
"14.12.2018","37,88","37,88","37,88","37,88","","0,69%"
"13.12.2018","37,62","37,88","37,62","37,62","","0,64%"
"12.12.2018","37,38","37,88","37,38","37,38","","0,35%"
"11.12.2018","37,25","37,00","37,25","37,25","","1,00%"
"10.12.2018","36,88","36,88","36,88","36,88","","1,04%"
"07.12.2018","36,50","36,50","36,50","36,50","","0,00%"
"06.12.2018","36,50","37,25","36,50","36,50","","-0,68%"
"05.12.2018","36,75","37,25","36,75","36,75","","1,02%"
"04.12.2018","36,38","36,12","36,38","36,38","","1,39%"
"03.12.2018","35,88","36,12","35,88","35,88","","-1,70%"
"29.11.2018","36,50","37,00","36,50","36,50","","0,00%"
"28.11.2018","36,50","36,75","36,50","36,50","","-0,68%"
"27.11.2018","36,75","38,00","36,75","36,75","","-3,29%"
"26.11.2018","38,00","37,00","38,00","38,00","","3,40%"
"23.11.2018","36,75","35,75","36,75","36,75","","3,17%"
"22.11.2018","35,62","35,62","35,62","35,62","","0,00%"
"21.11.2018","35,62","35,62","35,62","35,62","","0,68%"
"20.11.2018","35,38","35,62","35,38","35,38","","0,37%"
"16.11.2018","35,25","35,25","35,25","35,25","","0,37%"
"15.11.2018","35,12","35,62","35,12","35,12","","-1,40%"
"14.11.2018","35,62","36,88","35,62","35,62","","-1,38%"
"13.11.2018","36,12","35,88","36,12","36,12","","3,20%"
"12.11.2018","35,00","35,50","35,00","35,00","","1,45%"
"09.11.2018","34,50","35,25","34,50","34,50","","-0,35%"
"08.11.2018","34,62","35,12","34,62","34,62","","-0,75%"
"07.11.2018","34,88","34,88","34,88","34,88","","-0,68%"
"06.11.2018","35,12","35,62","35,12","35,12","","0,00%"
"05.11.2018","35,12","35,62","35,12","35,12","","-0,73%"
"02.11.2018","35,38","35,62","35,38","35,38","","0,37%"
"01.11.2018","35,25","35,75","35,25","35,25","","-0,70%"
"31.10.2018","35,50","36,75","35,50","35,50","","-1,06%"
"30.10.2018","35,88","36,38","35,88","35,88","","-1,02%"
"29.10.2018","36,25","37,25","36,25","36,25","","-1,01%"
"26.10.2018","36,62","37,12","36,62","36,62","","0,00%"
"25.10.2018","36,62","37,12","36,62","36,62","","-0,35%"
"24.10.2018","36,75","37,25","36,75","36,75","","-0,35%"
"23.10.2018","36,88","37,12","36,88","36,88","","1,37%"
"22.10.2018","36,38","36,88","36,38","36,38","","-1,01%"
"19.10.2018","36,75","37,25","36,75","36,75","","-1,00%"
"18.10.2018","37,12","37,12","37,12","37,12","","0,65%"
"17.10.2018","36,88","37,38","36,88","36,88","","0,00%"
"16.10.2018","36,88","37,88","36,88","36,88","","-1,65%"
"12.10.2018","37,50","37,75","37,50","37,50","","0,67%"
"11.10.2018","37,25","37,75","37,25","37,25","","0,00%"
"10.10.2018","37,25","37,75","37,25","37,25","","0,00%"
"09.10.2018","37,25","37,75","37,25","37,25","","-0,98%"
"08.10.2018","37,62","38,38","37,62","37,62","","-0,34%"
"05.10.2018","37,75","38,75","37,75","37,75","","0,00%"
"04.10.2018","37,75","38,75","37,75","37,75","","-1,31%"
"03.10.2018","38,25","38,25","38,25","38,25","","0,00%"
"02.10.2018","38,25","38,25","38,25","38,25","","-0,34%"
"01.10.2018","38,38","40,12","38,38","38,38","","-2,84%"
"28.09.2018","39,50","39,75","39,50","39,50","","2,92%"
"27.09.2018","38,38","38,88","38,38","38,38","","0,68%"
"26.09.2018","38,12","39,12","38,12","38,12","","0,00%"
"25.09.2018","38,12","38,38","38,12","38,12","","0,00%"
"24.09.2018","38,12","38,38","38,12","38,12","","0,00%"
"21.09.2018","38,12","40,62","38,12","38,12","","-1,29%"
"20.09.2018","38,62","40,62","38,62","38,62","","-0,34%"
"19.09.2018","38,75","40,75","38,75","38,75","","-1,90%"
"18.09.2018","39,50","40,75","39,50","39,50","","-0,95%"
"17.09.2018","39,88","39,12","39,88","39,88","","2,57%"
"14.09.2018","38,88","38,62","38,88","38,88","","0,99%"
"13.09.2018","38,50","38,75","38,50","38,50","","1,99%"
"12.09.2018","37,75","38,25","37,75","37,75","","-1,64%"
"11.09.2018","38,38","37,62","38,38","38,38","","3,73%"
"10.09.2018","37,00","37,50","37,00","37,00","","2,07%"
"07.09.2018","36,25","37,25","36,25","36,25","","-0,68%"
"06.09.2018","36,50","37,75","36,50","36,50","","-4,58%"
"05.09.2018","38,25","39,75","38,25","38,25","","0,00%"
"04.09.2018","38,25","39,75","38,25","38,25","","1,32%"
"03.09.2018","37,75","37,75","37,75","37,75","","1,34%"
"31.08.2018","37,25","38,25","37,25","37,25","","-5,70%"
"30.08.2018","39,50","39,00","39,50","39,50","","15,84%"
"29.08.2018","34,10","32,95","34,10","34,10","","2,56%"
"28.08.2018","33,25","32,55","33,25","33,25","","2,62%"
"27.08.2018","32,40","31,90","32,40","32,40","","2,47%"
"24.08.2018","31,62","30,67","31,62","31,62","","2,07%"
"23.08.2018","30,98","30,67","30,98","30,98","","0,91%"
"22.08.2018","30,70","30,60","30,70","30,70","","1,22%"
"21.08.2018","30,33","29,98","30,33","30,33","","1,61%"
"17.08.2018","29,85","29,65","29,85","29,85","","0,78%"
"16.08.2018","29,62","29,62","29,62","29,62","","-0,44%"
"15.08.2018","29,75","29,45","29,75","29,75","","1,71%"
"14.08.2018","29,25","29,45","29,25","29,25","","-1,35%"
"13.08.2018","29,65","29,75","29,65","29,65","","2,42%"
"10.08.2018","28,95","28,80","28,95","28,95","","3,69%"
"09.08.2018","27,92","27,88","27,92","27,92","","0,54%"
"08.08.2018","27,77","27,88","27,77","27,77","","0,14%"
"07.08.2018","27,73","27,92","27,73","27,73","","-1,25%"
"06.08.2018","28,08","28,12","28,08","28,08","","0,21%"
"03.08.2018","28,02","28,12","28,02","28,02","","-0,36%"
"02.08.2018","28,12","28,32","28,12","28,12","","-0,18%"
"01.08.2018","28,17","28,48","28,17","28,17","","-0,21%"
"31.07.2018","28,23","28,38","28,23","28,23","","-0,53%"
"30.07.2018","28,38","28,57","28,38","28,38","","-0,70%"
"27.07.2018","28,58","28,58","28,58","28,58","","0,21%"
"26.07.2018","28,52","28,62","28,52","28,52","","-0,21%"
"25.07.2018","28,58","28,52","28,58","28,58","","0,00%"
"24.07.2018","28,58","28,67","28,58","28,58","","-0,24%"
"23.07.2018","28,65","28,83","28,65","28,65","","-0,28%"
"20.07.2018","28,73","28,83","28,73","28,73","","0,38%"
"19.07.2018","28,62","28,82","28,62","28,62","","0,00%"
"18.07.2018","28,62","28,82","28,62","28,62","","-0,52%"
"17.07.2018","28,77","29,02","28,77","28,77","","-0,21%"
"16.07.2018","28,83","28,73","28,83","28,83","","0,52%"
"13.07.2018","28,68","28,86","28,68","28,68","","0,91%"
"12.07.2018","28,42","28,88","28,42","28,42","","0,04%"
"11.07.2018","28,41","28,88","28,41","28,41","","-0,25%"
"10.07.2018","28,48","28,88","28,48","28,48","","-1,39%"
"06.07.2018","28,88","28,88","28,88","28,88","","0,00%"
"05.07.2018","28,88","29,02","28,88","28,88","","-0,14%"
"04.07.2018","28,92","28,77","28,92","28,92","","-0,10%"
"03.07.2018","28,95","28,80","28,95","28,95","","0,10%"
"02.07.2018","28,92","28,92","28,92","28,92","","0,07%"
"29.06.2018","28,90","28,20","28,90","28,90","","2,77%"
"28.06.2018","28,12","28,17","28,12","28,12","","0,72%"
"27.06.2018","27,92","28,12","27,92","27,92","","-0,11%"
"26.06.2018","27,95","27,85","27,95","27,95","","0,11%"
"25.06.2018","27,92","27,88","27,92","27,92","","0,00%"
"22.06.2018","27,92","27,88","27,92","27,92","","-0,11%"
"21.06.2018","27,95","27,90","27,95","27,95","","-1,24%"
"19.06.2018","28,30","28,15","28,30","28,30","","0,71%"
"18.06.2018","28,10","28,00","28,10","28,10","","0,18%"
"15.06.2018","28,05","27,65","28,05","28,05","","0,72%"
"14.06.2018","27,85","27,20","27,85","27,85","","4,78%"
"13.06.2018","26,58","26,12","26,58","26,58","","1,18%"
"12.06.2018","26,27","26,27","26,27","26,27","","0,84%"
"11.06.2018","26,05","25,90","26,05","26,05","","1,09%"
"08.06.2018","25,77","25,73","25,77","25,77","","0,98%"
"07.06.2018","25,52","25,67","25,52","25,52","","0,00%"
"06.06.2018","25,52","25,77","25,52","25,52","","-1,39%"
"05.06.2018","25,88","26,02","25,88","25,88","","-0,38%"
"04.06.2018","25,98","26,02","25,98","25,98","","0,00%"
"01.06.2018","25,98","26,02","25,98","25,98","","0,12%"
"31.05.2018","25,95","25,97","25,95","25,95","","0,27%"
"30.05.2018","25,88","25,97","25,88","25,88","","0,19%"
"29.05.2018","25,83","26,02","25,83","25,83","","0,00%"
"28.05.2018","25,83","25,73","25,83","25,83","","1,21%"
"24.05.2018","25,52","25,42","25,52","25,52","","0,55%"
"23.05.2018","25,38","25,42","25,38","25,38","","0,00%"
"22.05.2018","25,38","25,42","25,38","25,38","","0,12%"
"21.05.2018","25,35","25,25","25,35","25,35","","-0,12%"
"18.05.2018","25,38","25,52","25,38","25,38","","0,91%"
"17.05.2018","25,15","25,45","25,15","25,15","","0,80%"
"16.05.2018","24,95","24,55","24,95","24,95","","0,81%"
"15.05.2018","24,75","26,25","24,75","24,75","","-7,30%"
"14.05.2018","26,70","25,20","26,70","26,70","","10,33%"
"11.05.2018","24,20","23,25","24,20","24,20","","4,00%"
"10.05.2018","23,27","23,23","23,27","23,27","","0,74%"
"09.05.2018","23,10","22,70","23,10","23,10","","1,90%"
"08.05.2018","22,67","22,67","22,67","22,67","","3,14%"
"07.05.2018","21,98","21,67","21,98","21,98","","1,43%"
"04.05.2018","21,67","21,73","21,67","21,67","","0,79%"
"03.05.2018","21,50","21,55","21,50","21,50","","1,99%"
"02.05.2018","21,08","20,92","21,08","21,08","","1,10%"
"27.04.2018","20,85","20,95","20,85","20,85","","0,92%"
"26.04.2018","20,66","20,72","20,66","20,66","","0,58%"
"25.04.2018","20,54","20,58","20,54","20,54","","-0,10%"
"24.04.2018","20,56","20,59","20,56","20,56","","0,05%"
"23.04.2018","20,55","20,62","20,55","20,55","","0,00%"
"20.04.2018","20,55","20,57","20,55","20,55","","0,15%"
"19.04.2018","20,52","20,55","20,52","20,52","","-0,39%"
"18.04.2018","20,60","20,65","20,60","20,60","","0,05%"
"17.04.2018","20,59","20,62","20,59","20,59","","0,68%"
"16.04.2018","20,45","20,52","20,45","20,45","","0,00%"
"13.04.2018","20,45","20,51","20,45","20,45","","0,00%"
"12.04.2018","20,45","20,48","20,45","20,45","","0,20%"
"11.04.2018","20,41","20,47","20,41","20,41","","0,15%"
"10.04.2018","20,38","20,67","20,38","20,38","","-0,49%"
"09.04.2018","20,48","20,67","20,48","20,48","","-0,68%"
"06.04.2018","20,62","20,45","20,62","20,62","","1,33%"
"05.04.2018","20,35","20,59","20,35","20,35","","-1,12%"
"04.04.2018","20,58","20,83","20,58","20,58","","-1,06%"
"03.04.2018","20,80","20,80","20,80","20,80","","0,34%"
"28.03.2018","20,73","20,74","20,73","20,73","","0,00%"
"27.03.2018","20,73","20,87","20,73","20,73","","-0,58%"
"26.03.2018","20,85","20,91","20,85","20,85","","-0,29%"
"23.03.2018","20,91","20,91","20,91","20,91","","0,14%"
"22.03.2018","20,88","20,99","20,88","20,88","","-0,33%"
"21.03.2018","20,95","21,02","20,95","20,95","","0,00%"
"20.03.2018","20,95","21,00","20,95","20,95","","0,24%"
"19.03.2018","20,90","20,91","20,90","20,90","","0,14%"
"16.03.2018","20,87","20,91","20,87","20,87","","0,34%"
"15.03.2018","20,80","20,79","20,80","20,80","","0,29%"
"14.03.2018","20,74","20,69","20,74","20,74","","0,44%"
"13.03.2018","20,65","20,66","20,65","20,65","","-0,05%"
"12.03.2018","20,66","20,62","20,66","20,66","","0,34%"
"09.03.2018","20,59","20,55","20,59","20,59","","0,54%"
"08.03.2018","20,48","20,55","20,48","20,48","","0,00%"
"07.03.2018","20,48","20,45","20,48","20,48","","0,34%"
"06.03.2018","20,41","20,30","20,41","20,41","","0,74%"
"05.03.2018","20,26","20,42","20,26","20,26","","-0,59%"
"02.03.2018","20,38","20,27","20,38","20,38","","0,59%"
"01.03.2018","20,26","20,27","20,26","20,26","","0,10%"
"28.02.2018","20,24","20,27","20,24","20,24","","-0,10%"
"27.02.2018","20,26","20,27","20,26","20,26","","-0,39%"
"26.02.2018","20,34","20,27","20,34","20,34","","1,29%"
"23.02.2018","20,08","20,27","20,08","20,08","","0,15%"
"22.02.2018","20,05","20,27","20,05","20,05","","-0,20%"
"21.02.2018","20,09","20,27","20,09","20,09","","-0,20%"
"20.02.2018","20,13","20,27","20,13","20,13","","-0,35%"
"19.02.2018","20,20","20,27","20,20","20,20","","1,61%"
"16.02.2018","19,88","20,27","19,88","19,88","","0,20%"
"15.02.2018","19,84","20,27","19,84","19,84","","-0,50%"
"14.02.2018","19,94","20,27","19,94","19,94","","-1,29%"
"09.02.2018","20,20","20,27","20,20","20,20","","1,46%"
"08.02.2018","19,91","19,91","19,91","19,91","","0,40%"
"07.02.2018","19,83","19,98","19,83","19,83","","-0,20%"
"06.02.2018","19,87","19,98","19,87","19,87","","-0,15%"
"05.02.2018","19,90","19,99","19,90","19,90","","0,00%"
"02.02.2018","19,90","19,95","19,90","19,90","","-0,05%"
"01.02.2018","19,91","19,95","19,91","19,91","","-0,05%"
"31.01.2018","19,92","20,02","19,92","19,92","","-0,50%"
"30.01.2018","20,02","20,08","20,02","20,02","","0,05%"
"29.01.2018","20,01","20,01","20,01","20,01","","0,30%"
"26.01.2018","19,95","19,95","19,95","19,95","","0,05%"
"25.01.2018","19,94","19,98","19,94","19,94","","-0,35%"
"24.01.2018","20,01","20,01","20,01","20,01","","0,81%"
"23.01.2018","19,85","19,98","19,85","19,85","","0,40%"
"22.01.2018","19,77","19,76","19,77","19,77","","0,56%"
"19.01.2018","19,66","19,73","19,66","19,66","","0,20%"
"18.01.2018","19,62","19,65","19,62","19,62","","0,15%"
"17.01.2018","19,59","19,65","19,59","19,59","","0,05%"
"16.01.2018","19,58","19,63","19,58","19,58","","-0,05%"
"15.01.2018","19,59","19,59","19,59","19,59","","0,36%"
"12.01.2018","19,52","19,48","19,52","19,52","","0,72%"
"11.01.2018","19,38","19,35","19,38","19,38","","0,41%"
"10.01.2018","19,30","19,38","19,30","19,30","","-1,13%"
"09.01.2018","19,52","19,66","19,52","19,52","","-0,15%"
"08.01.2018","19,55","19,59","19,55","19,55","","0,67%"
"05.01.2018","19,42","19,45","19,42","19,42","","0,21%"
"04.01.2018","19,38","19,37","19,38","19,38","","0,57%"
"03.01.2018","19,27","19,23","19,27","19,27","","0,21%"
"02.01.2018","19,23","19,19","19,23","19,23","","-0,16%"